2026-08-06 16:50:30 | INFO     | AI_FACE_PLATFORM | ============================================================
2026-08-06 16:50:30 | INFO     | AI_FACE_PLATFORM | Loading AI Models...
2026-08-06 16:50:30 | INFO     | AI_FACE_PLATFORM | ============================================================
2026-08-06 16:50:30 | INFO     | AI_FACE_PLATFORM | Loading ArcFace Model: facenet512.onnx
2026-08-06 16:50:30 | INFO     | AI_FACE_PLATFORM | ArcFace model loaded successfully.
2026-08-06 16:50:30 | INFO     | AI_FACE_PLATFORM | ============================================================
2026-08-06 16:50:30 | INFO     | AI_FACE_PLATFORM | AI Models Loaded Successfully.
2026-08-06 16:50:30 | INFO     | AI_FACE_PLATFORM | ============================================================
2026-08-06 16:52:54 | INFO     | AI_FACE_PLATFORM | ============================================================
2026-08-06 16:52:54 | INFO     | AI_FACE_PLATFORM | Loading AI Models...
2026-08-06 16:52:54 | INFO     | AI_FACE_PLATFORM | ============================================================
2026-08-06 16:52:54 | INFO     | AI_FACE_PLATFORM | Loading SCRFD Model: scrfd_500m_bnkps.onnx
2026-08-06 16:52:54 | INFO     | AI_FACE_PLATFORM | SCRFD model loaded successfully.
2026-08-06 16:52:54 | INFO     | AI_FACE_PLATFORM | Loading ArcFace Model: facenet512.onnx
2026-08-06 16:52:54 | INFO     | AI_FACE_PLATFORM | ArcFace model loaded successfully.
2026-08-06 16:52:54 | INFO     | AI_FACE_PLATFORM | ============================================================
2026-08-06 16:52:54 | INFO     | AI_FACE_PLATFORM | AI Models Loaded Successfully.
2026-08-06 16:52:54 | INFO     | AI_FACE_PLATFORM | ============================================================
2026-08-06 16:54:49 | INFO     | AI_FACE_PLATFORM | ============================================================
2026-08-06 16:54:49 | INFO     | AI_FACE_PLATFORM | Loading AI Models...
2026-08-06 16:54:49 | INFO     | AI_FACE_PLATFORM | ============================================================
2026-08-06 16:54:49 | INFO     | AI_FACE_PLATFORM | Loading SCRFD Model: scrfd_500m_bnkps.onnx
2026-08-06 16:54:49 | INFO     | AI_FACE_PLATFORM | SCRFD model loaded successfully.
2026-08-06 16:54:49 | INFO     | AI_FACE_PLATFORM | Loading ArcFace Model: facenet512.onnx
2026-08-06 16:54:49 | INFO     | AI_FACE_PLATFORM | ArcFace model loaded successfully.
2026-08-06 16:54:49 | INFO     | AI_FACE_PLATFORM | ============================================================
2026-08-06 16:54:49 | INFO     | AI_FACE_PLATFORM | AI Models Loaded Successfully.
2026-08-06 16:54:49 | INFO     | AI_FACE_PLATFORM | ============================================================
2026-08-06 16:56:48 | INFO     | AI_FACE_PLATFORM | ============================================================
2026-08-06 16:56:48 | INFO     | AI_FACE_PLATFORM | Loading AI Models...
2026-08-06 16:56:48 | INFO     | AI_FACE_PLATFORM | ============================================================
2026-08-06 16:56:48 | INFO     | AI_FACE_PLATFORM | Loading SCRFD Model: scrfd_500m_bnkps.onnx
2026-08-06 16:56:48 | INFO     | AI_FACE_PLATFORM | SCRFD model loaded successfully.
2026-08-06 16:56:48 | INFO     | AI_FACE_PLATFORM | Loading ArcFace Model: facenet512.onnx
2026-08-06 16:56:49 | INFO     | AI_FACE_PLATFORM | ArcFace model loaded successfully.
2026-08-06 16:56:49 | INFO     | AI_FACE_PLATFORM | ============================================================
2026-08-06 16:56:49 | INFO     | AI_FACE_PLATFORM | AI Models Loaded Successfully.
2026-08-06 16:56:49 | INFO     | AI_FACE_PLATFORM | ============================================================
2026-08-06 17:54:57 | INFO     | AI_FACE_PLATFORM | ============================================================
2026-08-06 17:54:57 | INFO     | AI_FACE_PLATFORM | Loading AI Models...
2026-08-06 17:54:57 | INFO     | AI_FACE_PLATFORM | ============================================================
2026-08-06 17:54:57 | INFO     | AI_FACE_PLATFORM | Loading SCRFD Model: scrfd_500m_bnkps.onnx
2026-08-06 17:54:57 | INFO     | AI_FACE_PLATFORM | SCRFD model loaded successfully.
2026-08-06 17:54:57 | INFO     | AI_FACE_PLATFORM | Loading ArcFace Model: w600k_r50.onnx
2026-08-06 17:54:58 | INFO     | AI_FACE_PLATFORM | ArcFace model loaded successfully.
2026-08-06 17:54:58 | INFO     | AI_FACE_PLATFORM | ============================================================
2026-08-06 17:54:58 | INFO     | AI_FACE_PLATFORM | AI Models Loaded Successfully.
2026-08-06 17:54:58 | INFO     | AI_FACE_PLATFORM | ============================================================
2026-08-06 17:54:58 | INFO     | AI_FACE_PLATFORM | Initializing SCRFD detector...
2026-08-06 17:54:58 | INFO     | AI_FACE_PLATFORM | SCRFD detector initialized successfully.
2026-08-06 17:54:58 | INFO     | AI_FACE_PLATFORM | FaceDetectionService initialized.
2026-08-06 17:54:58 | INFO     | AI_FACE_PLATFORM | FaceAlignmentService initialized.
2026-08-06 17:54:58 | INFO     | AI_FACE_PLATFORM | EmbeddingInference initialized.
2026-08-06 17:54:58 | INFO     | AI_FACE_PLATFORM | EmbeddingService initialized.
2026-08-06 17:57:37 | INFO     | AI_FACE_PLATFORM | SimilarityService initialized.
2026-08-06 17:59:44 | INFO     | AI_FACE_PLATFORM | ============================================================
2026-08-06 17:59:44 | INFO     | AI_FACE_PLATFORM | Loading AI Models...
2026-08-06 17:59:44 | INFO     | AI_FACE_PLATFORM | ============================================================
2026-08-06 17:59:44 | INFO     | AI_FACE_PLATFORM | Loading SCRFD Model: scrfd_500m_bnkps.onnx
2026-08-06 17:59:44 | INFO     | AI_FACE_PLATFORM | SCRFD model loaded successfully.
2026-08-06 17:59:44 | INFO     | AI_FACE_PLATFORM | Loading ArcFace Model: w600k_r50.onnx
2026-08-06 17:59:44 | INFO     | AI_FACE_PLATFORM | ArcFace model loaded successfully.
2026-08-06 17:59:44 | INFO     | AI_FACE_PLATFORM | ============================================================
2026-08-06 17:59:44 | INFO     | AI_FACE_PLATFORM | AI Models Loaded Successfully.
2026-08-06 17:59:44 | INFO     | AI_FACE_PLATFORM | ============================================================
2026-08-06 17:59:44 | INFO     | AI_FACE_PLATFORM | Initializing SCRFD detector...
2026-08-06 17:59:44 | INFO     | AI_FACE_PLATFORM | SCRFD detector initialized successfully.
2026-08-06 17:59:44 | INFO     | AI_FACE_PLATFORM | FaceDetectionService initialized.
2026-08-06 17:59:44 | INFO     | AI_FACE_PLATFORM | FaceAlignmentService initialized.
2026-08-06 17:59:44 | INFO     | AI_FACE_PLATFORM | EmbeddingInference initialized.
2026-08-06 17:59:44 | INFO     | AI_FACE_PLATFORM | EmbeddingService initialized.
2026-08-06 17:59:44 | INFO     | AI_FACE_PLATFORM | SimilarityService initialized.
2026-08-06 17:59:44 | INFO     | AI_FACE_PLATFORM | RecognitionService initialized.
2026-08-06 18:00:02 | INFO     | AI_FACE_PLATFORM | ============================================================
2026-08-06 18:00:02 | INFO     | AI_FACE_PLATFORM | Loading AI Models...
2026-08-06 18:00:02 | INFO     | AI_FACE_PLATFORM | ============================================================
2026-08-06 18:00:02 | INFO     | AI_FACE_PLATFORM | Loading SCRFD Model: scrfd_500m_bnkps.onnx
2026-08-06 18:00:02 | INFO     | AI_FACE_PLATFORM | SCRFD model loaded successfully.
2026-08-06 18:00:02 | INFO     | AI_FACE_PLATFORM | Loading ArcFace Model: w600k_r50.onnx
2026-08-06 18:00:03 | INFO     | AI_FACE_PLATFORM | ArcFace model loaded successfully.
2026-08-06 18:00:03 | INFO     | AI_FACE_PLATFORM | ============================================================
2026-08-06 18:00:03 | INFO     | AI_FACE_PLATFORM | AI Models Loaded Successfully.
2026-08-06 18:00:03 | INFO     | AI_FACE_PLATFORM | ============================================================
2026-08-06 18:00:03 | INFO     | AI_FACE_PLATFORM | Initializing SCRFD detector...
2026-08-06 18:00:03 | INFO     | AI_FACE_PLATFORM | SCRFD detector initialized successfully.
2026-08-06 18:00:03 | INFO     | AI_FACE_PLATFORM | FaceDetectionService initialized.
2026-08-06 18:00:03 | INFO     | AI_FACE_PLATFORM | FaceAlignmentService initialized.
2026-08-06 18:00:03 | INFO     | AI_FACE_PLATFORM | EmbeddingInference initialized.
2026-08-06 18:00:03 | INFO     | AI_FACE_PLATFORM | EmbeddingService initialized.
2026-08-06 18:00:03 | INFO     | AI_FACE_PLATFORM | SimilarityService initialized.
2026-08-06 18:00:03 | INFO     | AI_FACE_PLATFORM | RecognitionService initialized.
2026-08-07 12:44:29 | INFO     | AI_FACE_PLATFORM | ============================================================
2026-08-07 12:44:29 | INFO     | AI_FACE_PLATFORM | Loading AI Models...
2026-08-07 12:44:29 | INFO     | AI_FACE_PLATFORM | ============================================================
2026-08-07 12:44:29 | INFO     | AI_FACE_PLATFORM | Loading SCRFD Model: scrfd_500m_bnkps.onnx
2026-08-07 12:44:29 | INFO     | AI_FACE_PLATFORM | SCRFD model loaded successfully.
2026-08-07 12:44:29 | INFO     | AI_FACE_PLATFORM | Loading ArcFace Model: w600k_r50.onnx
2026-08-07 12:44:30 | INFO     | AI_FACE_PLATFORM | ArcFace model loaded successfully.
2026-08-07 12:44:30 | INFO     | AI_FACE_PLATFORM | ============================================================
2026-08-07 12:44:30 | INFO     | AI_FACE_PLATFORM | AI Models Loaded Successfully.
2026-08-07 12:44:30 | INFO     | AI_FACE_PLATFORM | ============================================================
2026-08-07 12:44:30 | INFO     | AI_FACE_PLATFORM | Initializing SCRFD detector...
2026-08-07 12:44:30 | INFO     | AI_FACE_PLATFORM | SCRFD detector initialized successfully.
2026-08-07 12:44:30 | INFO     | AI_FACE_PLATFORM | FaceDetectionService initialized.
2026-08-07 12:44:30 | INFO     | AI_FACE_PLATFORM | FaceAlignmentService initialized.
2026-08-07 12:44:30 | INFO     | AI_FACE_PLATFORM | EmbeddingInference initialized.
2026-08-07 12:44:30 | INFO     | AI_FACE_PLATFORM | EmbeddingService initialized.
2026-08-07 12:44:30 | INFO     | AI_FACE_PLATFORM | SimilarityService initialized.
2026-08-07 12:44:30 | INFO     | AI_FACE_PLATFORM | RecognitionService initialized.
2026-08-07 14:33:28 | INFO     | AI_FACE_PLATFORM | ============================================================
2026-08-07 14:33:28 | INFO     | AI_FACE_PLATFORM | Loading AI Models...
2026-08-07 14:33:28 | INFO     | AI_FACE_PLATFORM | ============================================================
2026-08-07 14:33:28 | INFO     | AI_FACE_PLATFORM | Loading SCRFD Model: scrfd_500m_bnkps.onnx
2026-08-07 14:33:28 | INFO     | AI_FACE_PLATFORM | SCRFD model loaded successfully.
2026-08-07 14:33:28 | INFO     | AI_FACE_PLATFORM | Loading ArcFace Model: w600k_r50.onnx
2026-08-07 14:33:29 | INFO     | AI_FACE_PLATFORM | ArcFace model loaded successfully.
2026-08-07 14:33:29 | INFO     | AI_FACE_PLATFORM | ============================================================
2026-08-07 14:33:29 | INFO     | AI_FACE_PLATFORM | AI Models Loaded Successfully.
2026-08-07 14:33:29 | INFO     | AI_FACE_PLATFORM | ============================================================
2026-08-07 14:33:29 | INFO     | AI_FACE_PLATFORM | Initializing SCRFD detector...
2026-08-07 14:33:29 | INFO     | AI_FACE_PLATFORM | SCRFD detector initialized successfully.
2026-08-07 14:33:29 | INFO     | AI_FACE_PLATFORM | FaceDetectionService initialized.
2026-08-07 14:33:29 | INFO     | AI_FACE_PLATFORM | FaceAlignmentService initialized.
2026-08-07 14:33:29 | INFO     | AI_FACE_PLATFORM | EmbeddingInference initialized.
2026-08-07 14:33:29 | INFO     | AI_FACE_PLATFORM | EmbeddingService initialized.
2026-08-07 14:33:29 | INFO     | AI_FACE_PLATFORM | RegistrationService initialized.
2026-08-07 16:24:13 | INFO     | AI_FACE_PLATFORM | ============================================================
2026-08-07 16:24:13 | INFO     | AI_FACE_PLATFORM | Starting AI Face Platform...
2026-08-07 16:24:13 | INFO     | AI_FACE_PLATFORM | ============================================================
2026-08-07 16:28:19 | INFO     | AI_FACE_PLATFORM | ============================================================
2026-08-07 16:28:19 | INFO     | AI_FACE_PLATFORM | Starting AI Face Platform...
2026-08-07 16:28:19 | INFO     | AI_FACE_PLATFORM | ============================================================
2026-08-07 17:07:20 | INFO     | AI_FACE_PLATFORM | ============================================================
2026-08-07 17:07:20 | INFO     | AI_FACE_PLATFORM | Starting AI Face Platform...
2026-08-07 17:07:20 | INFO     | AI_FACE_PLATFORM | ============================================================
2026-08-07 17:08:38 | INFO     | AI_FACE_PLATFORM | ============================================================
2026-08-07 17:08:38 | INFO     | AI_FACE_PLATFORM | Starting AI Face Platform...
2026-08-07 17:08:38 | INFO     | AI_FACE_PLATFORM | ============================================================
2026-08-07 17:08:38 | INFO     | AI_FACE_PLATFORM | Database initialized.
2026-08-07 17:08:38 | INFO     | AI_FACE_PLATFORM | ============================================================
2026-08-07 17:08:38 | INFO     | AI_FACE_PLATFORM | Loading AI Models...
2026-08-07 17:08:38 | INFO     | AI_FACE_PLATFORM | ============================================================
2026-08-07 17:08:38 | INFO     | AI_FACE_PLATFORM | Loading SCRFD Model: scrfd_500m_bnkps.onnx
2026-08-07 17:08:38 | INFO     | AI_FACE_PLATFORM | SCRFD model loaded successfully.
2026-08-07 17:08:38 | INFO     | AI_FACE_PLATFORM | Loading ArcFace Model: w600k_r50.onnx
2026-08-07 17:08:39 | INFO     | AI_FACE_PLATFORM | ArcFace model loaded successfully.
2026-08-07 17:08:39 | INFO     | AI_FACE_PLATFORM | ============================================================
2026-08-07 17:08:39 | INFO     | AI_FACE_PLATFORM | AI Models Loaded Successfully.
2026-08-07 17:08:39 | INFO     | AI_FACE_PLATFORM | ============================================================
2026-08-07 17:08:39 | INFO     | AI_FACE_PLATFORM | AI models loaded.
2026-08-07 17:08:39 | INFO     | AI_FACE_PLATFORM | Application started successfully.
2026-08-07 17:17:33 | INFO     | AI_FACE_PLATFORM | ============================================================
2026-08-07 17:17:33 | INFO     | AI_FACE_PLATFORM | Shutting down AI Face Platform...
2026-08-07 17:17:33 | INFO     | AI_FACE_PLATFORM | ============================================================
2026-08-07 17:23:44 | INFO     | AI_FACE_PLATFORM | ============================================================
2026-08-07 17:23:44 | INFO     | AI_FACE_PLATFORM | Starting AI Face Platform...
2026-08-07 17:23:44 | INFO     | AI_FACE_PLATFORM | ============================================================
2026-08-07 17:23:44 | INFO     | AI_FACE_PLATFORM | Database initialized.
2026-08-07 17:23:44 | INFO     | AI_FACE_PLATFORM | ============================================================
2026-08-07 17:23:44 | INFO     | AI_FACE_PLATFORM | Loading AI Models...
2026-08-07 17:23:44 | INFO     | AI_FACE_PLATFORM | ============================================================
2026-08-07 17:23:44 | INFO     | AI_FACE_PLATFORM | Loading SCRFD Model: scrfd_500m_bnkps.onnx
2026-08-07 17:23:44 | INFO     | AI_FACE_PLATFORM | SCRFD model loaded successfully.
2026-08-07 17:23:44 | INFO     | AI_FACE_PLATFORM | Loading ArcFace Model: w600k_r50.onnx
2026-08-07 17:23:45 | INFO     | AI_FACE_PLATFORM | ArcFace model loaded successfully.
2026-08-07 17:23:45 | INFO     | AI_FACE_PLATFORM | ============================================================
2026-08-07 17:23:45 | INFO     | AI_FACE_PLATFORM | AI Models Loaded Successfully.
2026-08-07 17:23:45 | INFO     | AI_FACE_PLATFORM | ============================================================
2026-08-07 17:23:45 | INFO     | AI_FACE_PLATFORM | AI models loaded.
2026-08-07 17:23:45 | INFO     | AI_FACE_PLATFORM | Application started successfully.
2026-08-07 17:23:45 | INFO     | AI_FACE_PLATFORM | ============================================================
2026-08-07 17:23:45 | INFO     | AI_FACE_PLATFORM | Shutting down AI Face Platform...
2026-08-07 17:23:45 | INFO     | AI_FACE_PLATFORM | ============================================================
2026-08-07 17:23:49 | INFO     | AI_FACE_PLATFORM | ============================================================
2026-08-07 17:23:49 | INFO     | AI_FACE_PLATFORM | Starting AI Face Platform...
2026-08-07 17:23:49 | INFO     | AI_FACE_PLATFORM | ============================================================
2026-08-07 17:23:49 | INFO     | AI_FACE_PLATFORM | Database initialized.
2026-08-07 17:23:49 | INFO     | AI_FACE_PLATFORM | ============================================================
2026-08-07 17:23:49 | INFO     | AI_FACE_PLATFORM | Loading AI Models...
2026-08-07 17:23:49 | INFO     | AI_FACE_PLATFORM | ============================================================
2026-08-07 17:23:49 | INFO     | AI_FACE_PLATFORM | Loading SCRFD Model: scrfd_500m_bnkps.onnx
2026-08-07 17:23:49 | INFO     | AI_FACE_PLATFORM | SCRFD model loaded successfully.
2026-08-07 17:23:49 | INFO     | AI_FACE_PLATFORM | Loading ArcFace Model: w600k_r50.onnx
2026-08-07 17:23:50 | INFO     | AI_FACE_PLATFORM | ArcFace model loaded successfully.
2026-08-07 17:23:50 | INFO     | AI_FACE_PLATFORM | ============================================================
2026-08-07 17:23:50 | INFO     | AI_FACE_PLATFORM | AI Models Loaded Successfully.
2026-08-07 17:23:50 | INFO     | AI_FACE_PLATFORM | ============================================================
2026-08-07 17:23:50 | INFO     | AI_FACE_PLATFORM | AI models loaded.
2026-08-07 17:23:50 | INFO     | AI_FACE_PLATFORM | Application started successfully.
2026-08-07 17:25:54 | INFO     | AI_FACE_PLATFORM | ============================================================
2026-08-07 17:25:54 | INFO     | AI_FACE_PLATFORM | Shutting down AI Face Platform...
2026-08-07 17:25:54 | INFO     | AI_FACE_PLATFORM | ============================================================
2026-08-07 17:25:57 | INFO     | AI_FACE_PLATFORM | ============================================================
2026-08-07 17:25:57 | INFO     | AI_FACE_PLATFORM | Starting AI Face Platform...
2026-08-07 17:25:57 | INFO     | AI_FACE_PLATFORM | ============================================================
2026-08-07 17:25:57 | INFO     | AI_FACE_PLATFORM | Database initialized.
2026-08-07 17:25:57 | INFO     | AI_FACE_PLATFORM | ============================================================
2026-08-07 17:25:57 | INFO     | AI_FACE_PLATFORM | Loading AI Models...
2026-08-07 17:25:57 | INFO     | AI_FACE_PLATFORM | ============================================================
2026-08-07 17:25:57 | INFO     | AI_FACE_PLATFORM | Loading SCRFD Model: scrfd_500m_bnkps.onnx
2026-08-07 17:25:57 | INFO     | AI_FACE_PLATFORM | SCRFD model loaded successfully.
2026-08-07 17:25:57 | INFO     | AI_FACE_PLATFORM | Loading ArcFace Model: w600k_r50.onnx
2026-08-07 17:25:58 | INFO     | AI_FACE_PLATFORM | ArcFace model loaded successfully.
2026-08-07 17:25:58 | INFO     | AI_FACE_PLATFORM | ============================================================
2026-08-07 17:25:58 | INFO     | AI_FACE_PLATFORM | AI Models Loaded Successfully.
2026-08-07 17:25:58 | INFO     | AI_FACE_PLATFORM | ============================================================
2026-08-07 17:25:58 | INFO     | AI_FACE_PLATFORM | AI models loaded.
2026-08-07 17:25:58 | INFO     | AI_FACE_PLATFORM | Application started successfully.
2026-08-07 17:26:51 | INFO     | AI_FACE_PLATFORM | ============================================================
2026-08-07 17:26:51 | INFO     | AI_FACE_PLATFORM | Shutting down AI Face Platform...
2026-08-07 17:26:51 | INFO     | AI_FACE_PLATFORM | ============================================================
2026-08-07 17:27:46 | INFO     | AI_FACE_PLATFORM | ============================================================
2026-08-07 17:27:46 | INFO     | AI_FACE_PLATFORM | Starting AI Face Platform...
2026-08-07 17:27:46 | INFO     | AI_FACE_PLATFORM | ============================================================
2026-08-07 17:27:46 | INFO     | AI_FACE_PLATFORM | Database initialized.
2026-08-07 17:27:46 | INFO     | AI_FACE_PLATFORM | ============================================================
2026-08-07 17:27:46 | INFO     | AI_FACE_PLATFORM | Loading AI Models...
2026-08-07 17:27:46 | INFO     | AI_FACE_PLATFORM | ============================================================
2026-08-07 17:27:46 | INFO     | AI_FACE_PLATFORM | Loading SCRFD Model: scrfd_500m_bnkps.onnx
2026-08-07 17:27:46 | INFO     | AI_FACE_PLATFORM | SCRFD model loaded successfully.
2026-08-07 17:27:46 | INFO     | AI_FACE_PLATFORM | Loading ArcFace Model: w600k_r50.onnx
2026-08-07 17:27:47 | INFO     | AI_FACE_PLATFORM | ArcFace model loaded successfully.
2026-08-07 17:27:47 | INFO     | AI_FACE_PLATFORM | ============================================================
2026-08-07 17:27:47 | INFO     | AI_FACE_PLATFORM | AI Models Loaded Successfully.
2026-08-07 17:27:47 | INFO     | AI_FACE_PLATFORM | ============================================================
2026-08-07 17:27:47 | INFO     | AI_FACE_PLATFORM | AI models loaded.
2026-08-07 17:27:47 | INFO     | AI_FACE_PLATFORM | Application started successfully.
2026-08-07 17:36:44 | INFO     | AI_FACE_PLATFORM | ============================================================
2026-08-07 17:36:44 | INFO     | AI_FACE_PLATFORM | Shutting down AI Face Platform...
2026-08-07 17:36:44 | INFO     | AI_FACE_PLATFORM | ============================================================
2026-08-07 17:36:48 | INFO     | AI_FACE_PLATFORM | ============================================================
2026-08-07 17:36:48 | INFO     | AI_FACE_PLATFORM | Starting AI Face Platform...
2026-08-07 17:36:48 | INFO     | AI_FACE_PLATFORM | ============================================================
2026-08-07 17:36:48 | INFO     | AI_FACE_PLATFORM | Database initialized.
2026-08-07 17:36:48 | INFO     | AI_FACE_PLATFORM | ============================================================
2026-08-07 17:36:48 | INFO     | AI_FACE_PLATFORM | Loading AI Models...
2026-08-07 17:36:48 | INFO     | AI_FACE_PLATFORM | ============================================================
2026-08-07 17:36:48 | INFO     | AI_FACE_PLATFORM | Loading SCRFD Model: scrfd_500m_bnkps.onnx
2026-08-07 17:36:48 | INFO     | AI_FACE_PLATFORM | SCRFD model loaded successfully.
2026-08-07 17:36:48 | INFO     | AI_FACE_PLATFORM | Loading ArcFace Model: w600k_r50.onnx
2026-08-07 17:36:49 | INFO     | AI_FACE_PLATFORM | ArcFace model loaded successfully.
2026-08-07 17:36:49 | INFO     | AI_FACE_PLATFORM | ============================================================
2026-08-07 17:36:49 | INFO     | AI_FACE_PLATFORM | AI Models Loaded Successfully.
2026-08-07 17:36:49 | INFO     | AI_FACE_PLATFORM | ============================================================
2026-08-07 17:36:49 | INFO     | AI_FACE_PLATFORM | AI models loaded.
2026-08-07 17:36:49 | INFO     | AI_FACE_PLATFORM | Application started successfully.
2026-08-10 10:15:10 | INFO     | AI_FACE_PLATFORM | ============================================================
2026-08-10 10:15:10 | INFO     | AI_FACE_PLATFORM | Starting AI Face Platform...
2026-08-10 10:15:10 | INFO     | AI_FACE_PLATFORM | ============================================================
2026-08-10 10:15:10 | INFO     | AI_FACE_PLATFORM | Database initialized.
2026-08-10 10:15:10 | INFO     | AI_FACE_PLATFORM | ============================================================
2026-08-10 10:15:10 | INFO     | AI_FACE_PLATFORM | Loading AI Models...
2026-08-10 10:15:10 | INFO     | AI_FACE_PLATFORM | ============================================================
2026-08-10 10:15:10 | INFO     | AI_FACE_PLATFORM | Loading SCRFD Model: scrfd_500m_bnkps.onnx
2026-08-10 10:15:10 | INFO     | AI_FACE_PLATFORM | SCRFD model loaded successfully.
2026-08-10 10:15:10 | INFO     | AI_FACE_PLATFORM | Loading ArcFace Model: w600k_r50.onnx
2026-08-10 10:15:11 | INFO     | AI_FACE_PLATFORM | ArcFace model loaded successfully.
2026-08-10 10:15:11 | INFO     | AI_FACE_PLATFORM | ============================================================
2026-08-10 10:15:11 | INFO     | AI_FACE_PLATFORM | AI Models Loaded Successfully.
2026-08-10 10:15:11 | INFO     | AI_FACE_PLATFORM | ============================================================
2026-08-10 10:15:11 | INFO     | AI_FACE_PLATFORM | AI models loaded.
2026-08-10 10:15:11 | INFO     | AI_FACE_PLATFORM | Application started successfully.
2026-08-10 10:26:14 | INFO     | AI_FACE_PLATFORM | ============================================================
2026-08-10 10:26:14 | INFO     | AI_FACE_PLATFORM | Shutting down AI Face Platform...
2026-08-10 10:26:14 | INFO     | AI_FACE_PLATFORM | ============================================================
2026-08-10 10:26:24 | INFO     | AI_FACE_PLATFORM | ============================================================
2026-08-10 10:26:24 | INFO     | AI_FACE_PLATFORM | Starting AI Face Platform...
2026-08-10 10:26:24 | INFO     | AI_FACE_PLATFORM | ============================================================
2026-08-10 10:26:24 | INFO     | AI_FACE_PLATFORM | Database initialized.
2026-08-10 10:26:24 | INFO     | AI_FACE_PLATFORM | ============================================================
2026-08-10 10:26:24 | INFO     | AI_FACE_PLATFORM | Loading AI Models...
2026-08-10 10:26:24 | INFO     | AI_FACE_PLATFORM | ============================================================
2026-08-10 10:26:24 | INFO     | AI_FACE_PLATFORM | Loading SCRFD Model: scrfd_500m_bnkps.onnx
2026-08-10 10:26:24 | INFO     | AI_FACE_PLATFORM | SCRFD model loaded successfully.
2026-08-10 10:26:24 | INFO     | AI_FACE_PLATFORM | Loading ArcFace Model: w600k_r50.onnx
2026-08-10 10:26:25 | INFO     | AI_FACE_PLATFORM | ArcFace model loaded successfully.
2026-08-10 10:26:25 | INFO     | AI_FACE_PLATFORM | ============================================================
2026-08-10 10:26:25 | INFO     | AI_FACE_PLATFORM | AI Models Loaded Successfully.
2026-08-10 10:26:25 | INFO     | AI_FACE_PLATFORM | ============================================================
2026-08-10 10:26:25 | INFO     | AI_FACE_PLATFORM | AI models loaded.
2026-08-10 10:26:25 | INFO     | AI_FACE_PLATFORM | Application started successfully.
2026-08-10 10:30:41 | INFO     | AI_FACE_PLATFORM | ============================================================
2026-08-10 10:30:41 | INFO     | AI_FACE_PLATFORM | Shutting down AI Face Platform...
2026-08-10 10:30:41 | INFO     | AI_FACE_PLATFORM | ============================================================
2026-08-10 10:38:12 | INFO     | AI_FACE_PLATFORM | ============================================================
2026-08-10 10:38:12 | INFO     | AI_FACE_PLATFORM | Starting AI Face Platform...
2026-08-10 10:38:12 | INFO     | AI_FACE_PLATFORM | ============================================================
2026-08-10 10:38:13 | INFO     | AI_FACE_PLATFORM | Database initialized.
2026-08-10 10:38:13 | INFO     | AI_FACE_PLATFORM | ============================================================
2026-08-10 10:38:13 | INFO     | AI_FACE_PLATFORM | Loading AI Models...
2026-08-10 10:38:13 | INFO     | AI_FACE_PLATFORM | ============================================================
2026-08-10 10:38:13 | INFO     | AI_FACE_PLATFORM | Loading SCRFD Model: scrfd_500m_bnkps.onnx
2026-08-10 10:38:13 | INFO     | AI_FACE_PLATFORM | SCRFD model loaded successfully.
2026-08-10 10:38:13 | INFO     | AI_FACE_PLATFORM | Loading ArcFace Model: w600k_r50.onnx
2026-08-10 10:38:13 | INFO     | AI_FACE_PLATFORM | ArcFace model loaded successfully.
2026-08-10 10:38:13 | INFO     | AI_FACE_PLATFORM | ============================================================
2026-08-10 10:38:13 | INFO     | AI_FACE_PLATFORM | AI Models Loaded Successfully.
2026-08-10 10:38:13 | INFO     | AI_FACE_PLATFORM | ============================================================
2026-08-10 10:38:13 | INFO     | AI_FACE_PLATFORM | AI models loaded.
2026-08-10 10:38:13 | INFO     | AI_FACE_PLATFORM | Application started successfully.
2026-08-10 11:03:19 | INFO     | AI_FACE_PLATFORM | ============================================================
2026-08-10 11:03:19 | INFO     | AI_FACE_PLATFORM | Shutting down AI Face Platform...
2026-08-10 11:03:19 | INFO     | AI_FACE_PLATFORM | ============================================================
2026-08-10 11:03:26 | INFO     | AI_FACE_PLATFORM | ============================================================
2026-08-10 11:03:26 | INFO     | AI_FACE_PLATFORM | Starting AI Face Platform...
2026-08-10 11:03:26 | INFO     | AI_FACE_PLATFORM | ============================================================
2026-08-10 11:03:26 | INFO     | AI_FACE_PLATFORM | Database initialized.
2026-08-10 11:03:26 | INFO     | AI_FACE_PLATFORM | ============================================================
2026-08-10 11:03:26 | INFO     | AI_FACE_PLATFORM | Loading AI Models...
2026-08-10 11:03:26 | INFO     | AI_FACE_PLATFORM | ============================================================
2026-08-10 11:03:26 | INFO     | AI_FACE_PLATFORM | Loading SCRFD Model: scrfd_500m_bnkps.onnx
2026-08-10 11:03:26 | INFO     | AI_FACE_PLATFORM | SCRFD model loaded successfully.
2026-08-10 11:03:26 | INFO     | AI_FACE_PLATFORM | Loading ArcFace Model: w600k_r50.onnx
2026-08-10 11:03:27 | INFO     | AI_FACE_PLATFORM | ArcFace model loaded successfully.
2026-08-10 11:03:27 | INFO     | AI_FACE_PLATFORM | ============================================================
2026-08-10 11:03:27 | INFO     | AI_FACE_PLATFORM | AI Models Loaded Successfully.
2026-08-10 11:03:27 | INFO     | AI_FACE_PLATFORM | ============================================================
2026-08-10 11:03:27 | INFO     | AI_FACE_PLATFORM | AI models loaded.
2026-08-10 11:03:27 | INFO     | AI_FACE_PLATFORM | Application started successfully.
2026-08-10 11:10:48 | INFO     | AI_FACE_PLATFORM | ============================================================
2026-08-10 11:10:48 | INFO     | AI_FACE_PLATFORM | Shutting down AI Face Platform...
2026-08-10 11:10:48 | INFO     | AI_FACE_PLATFORM | ============================================================
2026-08-10 11:10:52 | INFO     | AI_FACE_PLATFORM | ============================================================
2026-08-10 11:10:52 | INFO     | AI_FACE_PLATFORM | Starting AI Face Platform...
2026-08-10 11:10:52 | INFO     | AI_FACE_PLATFORM | ============================================================
2026-08-10 11:10:52 | INFO     | AI_FACE_PLATFORM | Database initialized.
2026-08-10 11:10:52 | INFO     | AI_FACE_PLATFORM | ============================================================
2026-08-10 11:10:52 | INFO     | AI_FACE_PLATFORM | Loading AI Models...
2026-08-10 11:10:52 | INFO     | AI_FACE_PLATFORM | ============================================================
2026-08-10 11:10:52 | INFO     | AI_FACE_PLATFORM | Loading SCRFD Model: scrfd_500m_bnkps.onnx
2026-08-10 11:10:52 | INFO     | AI_FACE_PLATFORM | SCRFD model loaded successfully.
2026-08-10 11:10:52 | INFO     | AI_FACE_PLATFORM | Loading ArcFace Model: w600k_r50.onnx
2026-08-10 11:10:53 | INFO     | AI_FACE_PLATFORM | ArcFace model loaded successfully.
2026-08-10 11:10:53 | INFO     | AI_FACE_PLATFORM | ============================================================
2026-08-10 11:10:53 | INFO     | AI_FACE_PLATFORM | AI Models Loaded Successfully.
2026-08-10 11:10:53 | INFO     | AI_FACE_PLATFORM | ============================================================
2026-08-10 11:10:53 | INFO     | AI_FACE_PLATFORM | AI models loaded.
2026-08-10 11:10:53 | INFO     | AI_FACE_PLATFORM | Application started successfully.
2026-08-10 11:11:59 | INFO     | AI_FACE_PLATFORM | ============================================================
2026-08-10 11:11:59 | INFO     | AI_FACE_PLATFORM | Shutting down AI Face Platform...
2026-08-10 11:11:59 | INFO     | AI_FACE_PLATFORM | ============================================================
2026-08-10 11:12:08 | INFO     | AI_FACE_PLATFORM | ============================================================
2026-08-10 11:12:08 | INFO     | AI_FACE_PLATFORM | Starting AI Face Platform...
2026-08-10 11:12:08 | INFO     | AI_FACE_PLATFORM | ============================================================
2026-08-10 11:12:08 | INFO     | AI_FACE_PLATFORM | Database initialized.
2026-08-10 11:12:08 | INFO     | AI_FACE_PLATFORM | ============================================================
2026-08-10 11:12:08 | INFO     | AI_FACE_PLATFORM | Loading AI Models...
2026-08-10 11:12:08 | INFO     | AI_FACE_PLATFORM | ============================================================
2026-08-10 11:12:08 | INFO     | AI_FACE_PLATFORM | Loading SCRFD Model: scrfd_500m_bnkps.onnx
2026-08-10 11:12:08 | INFO     | AI_FACE_PLATFORM | SCRFD model loaded successfully.
2026-08-10 11:12:08 | INFO     | AI_FACE_PLATFORM | Loading ArcFace Model: w600k_r50.onnx
2026-08-10 11:12:09 | INFO     | AI_FACE_PLATFORM | ArcFace model loaded successfully.
2026-08-10 11:12:09 | INFO     | AI_FACE_PLATFORM | ============================================================
2026-08-10 11:12:09 | INFO     | AI_FACE_PLATFORM | AI Models Loaded Successfully.
2026-08-10 11:12:09 | INFO     | AI_FACE_PLATFORM | ============================================================
2026-08-10 11:12:09 | INFO     | AI_FACE_PLATFORM | AI models loaded.
2026-08-10 11:12:09 | INFO     | AI_FACE_PLATFORM | Application started successfully.
2026-08-10 12:03:43 | INFO     | AI_FACE_PLATFORM | ============================================================
2026-08-10 12:03:43 | INFO     | AI_FACE_PLATFORM | Shutting down AI Face Platform...
2026-08-10 12:03:43 | INFO     | AI_FACE_PLATFORM | ============================================================
2026-08-10 12:03:48 | INFO     | AI_FACE_PLATFORM | ============================================================
2026-08-10 12:03:48 | INFO     | AI_FACE_PLATFORM | Starting AI Face Platform...
2026-08-10 12:03:48 | INFO     | AI_FACE_PLATFORM | ============================================================
2026-08-10 12:03:48 | INFO     | AI_FACE_PLATFORM | Database initialized.
2026-08-10 12:03:48 | INFO     | AI_FACE_PLATFORM | ============================================================
2026-08-10 12:03:48 | INFO     | AI_FACE_PLATFORM | Loading AI Models...
2026-08-10 12:03:48 | INFO     | AI_FACE_PLATFORM | ============================================================
2026-08-10 12:03:48 | INFO     | AI_FACE_PLATFORM | Loading SCRFD Model: scrfd_500m_bnkps.onnx
2026-08-10 12:03:48 | INFO     | AI_FACE_PLATFORM | SCRFD model loaded successfully.
2026-08-10 12:03:48 | INFO     | AI_FACE_PLATFORM | Loading ArcFace Model: w600k_r50.onnx
2026-08-10 12:03:49 | INFO     | AI_FACE_PLATFORM | ArcFace model loaded successfully.
2026-08-10 12:03:49 | INFO     | AI_FACE_PLATFORM | ============================================================
2026-08-10 12:03:49 | INFO     | AI_FACE_PLATFORM | AI Models Loaded Successfully.
2026-08-10 12:03:49 | INFO     | AI_FACE_PLATFORM | ============================================================
2026-08-10 12:03:49 | INFO     | AI_FACE_PLATFORM | AI models loaded.
2026-08-10 12:03:49 | INFO     | AI_FACE_PLATFORM | Application started successfully.
2026-08-10 12:07:33 | INFO     | AI_FACE_PLATFORM | ============================================================
2026-08-10 12:07:33 | INFO     | AI_FACE_PLATFORM | Shutting down AI Face Platform...
2026-08-10 12:07:33 | INFO     | AI_FACE_PLATFORM | ============================================================
2026-08-10 12:07:37 | INFO     | AI_FACE_PLATFORM | ============================================================
2026-08-10 12:07:37 | INFO     | AI_FACE_PLATFORM | Starting AI Face Platform...
2026-08-10 12:07:37 | INFO     | AI_FACE_PLATFORM | ============================================================
2026-08-10 12:07:37 | INFO     | AI_FACE_PLATFORM | Database initialized.
2026-08-10 12:07:37 | INFO     | AI_FACE_PLATFORM | ============================================================
2026-08-10 12:07:37 | INFO     | AI_FACE_PLATFORM | Loading AI Models...
2026-08-10 12:07:37 | INFO     | AI_FACE_PLATFORM | ============================================================
2026-08-10 12:07:37 | INFO     | AI_FACE_PLATFORM | Loading SCRFD Model: scrfd_500m_bnkps.onnx
2026-08-10 12:07:37 | INFO     | AI_FACE_PLATFORM | SCRFD model loaded successfully.
2026-08-10 12:07:37 | INFO     | AI_FACE_PLATFORM | Loading ArcFace Model: w600k_r50.onnx
2026-08-10 12:07:38 | INFO     | AI_FACE_PLATFORM | ArcFace model loaded successfully.
2026-08-10 12:07:38 | INFO     | AI_FACE_PLATFORM | ============================================================
2026-08-10 12:07:38 | INFO     | AI_FACE_PLATFORM | AI Models Loaded Successfully.
2026-08-10 12:07:38 | INFO     | AI_FACE_PLATFORM | ============================================================
2026-08-10 12:07:38 | INFO     | AI_FACE_PLATFORM | AI models loaded.
2026-08-10 12:07:38 | INFO     | AI_FACE_PLATFORM | Application started successfully.
2026-08-10 12:18:38 | INFO     | AI_FACE_PLATFORM | ============================================================
2026-08-10 12:18:38 | INFO     | AI_FACE_PLATFORM | Shutting down AI Face Platform...
2026-08-10 12:18:38 | INFO     | AI_FACE_PLATFORM | ============================================================
2026-08-10 12:18:43 | INFO     | AI_FACE_PLATFORM | ============================================================
2026-08-10 12:18:43 | INFO     | AI_FACE_PLATFORM | Starting AI Face Platform...
2026-08-10 12:18:43 | INFO     | AI_FACE_PLATFORM | ============================================================
2026-08-10 12:18:43 | INFO     | AI_FACE_PLATFORM | Database initialized.
2026-08-10 12:18:43 | INFO     | AI_FACE_PLATFORM | ============================================================
2026-08-10 12:18:43 | INFO     | AI_FACE_PLATFORM | Loading AI Models...
2026-08-10 12:18:43 | INFO     | AI_FACE_PLATFORM | ============================================================
2026-08-10 12:18:43 | INFO     | AI_FACE_PLATFORM | Loading SCRFD Model: scrfd_500m_bnkps.onnx
2026-08-10 12:18:43 | INFO     | AI_FACE_PLATFORM | SCRFD model loaded successfully.
2026-08-10 12:18:43 | INFO     | AI_FACE_PLATFORM | Loading ArcFace Model: w600k_r50.onnx
2026-08-10 12:18:44 | INFO     | AI_FACE_PLATFORM | ArcFace model loaded successfully.
2026-08-10 12:18:44 | INFO     | AI_FACE_PLATFORM | ============================================================
2026-08-10 12:18:44 | INFO     | AI_FACE_PLATFORM | AI Models Loaded Successfully.
2026-08-10 12:18:44 | INFO     | AI_FACE_PLATFORM | ============================================================
2026-08-10 12:18:44 | INFO     | AI_FACE_PLATFORM | AI models loaded.
2026-08-10 12:18:44 | INFO     | AI_FACE_PLATFORM | Application started successfully.
2026-08-10 12:34:30 | INFO     | AI_FACE_PLATFORM | Initializing SCRFD detector...
2026-08-10 12:34:30 | INFO     | AI_FACE_PLATFORM | SCRFD detector initialized successfully.
2026-08-10 12:34:30 | INFO     | AI_FACE_PLATFORM | FaceDetectionService initialized.
2026-08-10 12:34:30 | INFO     | AI_FACE_PLATFORM | FaceAlignmentService initialized.
2026-08-10 12:34:30 | INFO     | AI_FACE_PLATFORM | EmbeddingInference initialized.
2026-08-10 12:34:30 | INFO     | AI_FACE_PLATFORM | EmbeddingService initialized.
2026-08-10 12:34:30 | INFO     | AI_FACE_PLATFORM | RegistrationService initialized.
2026-08-10 12:34:30 | INFO     | AI_FACE_PLATFORM | Starting face registration for employee_id=3
2026-08-10 12:34:30 | INFO     | AI_FACE_PLATFORM | Processed pose=front employee_id=3
2026-08-10 12:34:30 | INFO     | AI_FACE_PLATFORM | Processed pose=left employee_id=3
2026-08-10 12:34:30 | INFO     | AI_FACE_PLATFORM | Processed pose=right employee_id=3
2026-08-10 12:34:31 | INFO     | AI_FACE_PLATFORM | Processed pose=up employee_id=3
2026-08-10 12:34:31 | INFO     | AI_FACE_PLATFORM | Processed pose=down employee_id=3
2026-08-10 12:34:31 | INFO     | AI_FACE_PLATFORM | Face registration completed for employee_id=3
2026-08-10 12:42:03 | INFO     | AI_FACE_PLATFORM | Initializing SCRFD detector...
2026-08-10 12:42:03 | INFO     | AI_FACE_PLATFORM | SCRFD detector initialized successfully.
2026-08-10 12:42:03 | INFO     | AI_FACE_PLATFORM | FaceDetectionService initialized.
2026-08-10 12:42:03 | INFO     | AI_FACE_PLATFORM | FaceAlignmentService initialized.
2026-08-10 12:42:03 | INFO     | AI_FACE_PLATFORM | EmbeddingInference initialized.
2026-08-10 12:42:03 | INFO     | AI_FACE_PLATFORM | EmbeddingService initialized.
2026-08-10 12:42:03 | INFO     | AI_FACE_PLATFORM | RegistrationService initialized.
2026-08-10 12:45:53 | INFO     | AI_FACE_PLATFORM | ============================================================
2026-08-10 12:45:53 | INFO     | AI_FACE_PLATFORM | Shutting down AI Face Platform...
2026-08-10 12:45:53 | INFO     | AI_FACE_PLATFORM | ============================================================
2026-08-10 12:45:59 | INFO     | AI_FACE_PLATFORM | ============================================================
2026-08-10 12:45:59 | INFO     | AI_FACE_PLATFORM | Starting AI Face Platform...
2026-08-10 12:45:59 | INFO     | AI_FACE_PLATFORM | ============================================================
2026-08-10 12:45:59 | INFO     | AI_FACE_PLATFORM | Database initialized.
2026-08-10 12:45:59 | INFO     | AI_FACE_PLATFORM | ============================================================
2026-08-10 12:45:59 | INFO     | AI_FACE_PLATFORM | Loading AI Models...
2026-08-10 12:45:59 | INFO     | AI_FACE_PLATFORM | ============================================================
2026-08-10 12:45:59 | INFO     | AI_FACE_PLATFORM | Loading SCRFD Model: scrfd_500m_bnkps.onnx
2026-08-10 12:45:59 | INFO     | AI_FACE_PLATFORM | SCRFD model loaded successfully.
2026-08-10 12:45:59 | INFO     | AI_FACE_PLATFORM | Loading ArcFace Model: w600k_r50.onnx
2026-08-10 12:46:00 | INFO     | AI_FACE_PLATFORM | ArcFace model loaded successfully.
2026-08-10 12:46:00 | INFO     | AI_FACE_PLATFORM | ============================================================
2026-08-10 12:46:00 | INFO     | AI_FACE_PLATFORM | AI Models Loaded Successfully.
2026-08-10 12:46:00 | INFO     | AI_FACE_PLATFORM | ============================================================
2026-08-10 12:46:00 | INFO     | AI_FACE_PLATFORM | AI models loaded.
2026-08-10 12:46:00 | INFO     | AI_FACE_PLATFORM | Application started successfully.
2026-08-10 12:46:59 | INFO     | AI_FACE_PLATFORM | ============================================================
2026-08-10 12:46:59 | INFO     | AI_FACE_PLATFORM | Shutting down AI Face Platform...
2026-08-10 12:46:59 | INFO     | AI_FACE_PLATFORM | ============================================================
2026-08-10 12:47:10 | INFO     | AI_FACE_PLATFORM | ============================================================
2026-08-10 12:47:10 | INFO     | AI_FACE_PLATFORM | Starting AI Face Platform...
2026-08-10 12:47:10 | INFO     | AI_FACE_PLATFORM | ============================================================
2026-08-10 12:47:11 | INFO     | AI_FACE_PLATFORM | Database initialized.
2026-08-10 12:47:11 | INFO     | AI_FACE_PLATFORM | ============================================================
2026-08-10 12:47:11 | INFO     | AI_FACE_PLATFORM | Loading AI Models...
2026-08-10 12:47:11 | INFO     | AI_FACE_PLATFORM | ============================================================
2026-08-10 12:47:11 | INFO     | AI_FACE_PLATFORM | Loading SCRFD Model: scrfd_500m_bnkps.onnx
2026-08-10 12:47:11 | INFO     | AI_FACE_PLATFORM | SCRFD model loaded successfully.
2026-08-10 12:47:11 | INFO     | AI_FACE_PLATFORM | Loading ArcFace Model: w600k_r50.onnx
2026-08-10 12:47:11 | INFO     | AI_FACE_PLATFORM | ArcFace model loaded successfully.
2026-08-10 12:47:11 | INFO     | AI_FACE_PLATFORM | ============================================================
2026-08-10 12:47:11 | INFO     | AI_FACE_PLATFORM | AI Models Loaded Successfully.
2026-08-10 12:47:11 | INFO     | AI_FACE_PLATFORM | ============================================================
2026-08-10 12:47:11 | INFO     | AI_FACE_PLATFORM | AI models loaded.
2026-08-10 12:47:11 | INFO     | AI_FACE_PLATFORM | Application started successfully.
2026-08-10 12:47:26 | INFO     | AI_FACE_PLATFORM | Initializing SCRFD detector...
2026-08-10 12:47:26 | INFO     | AI_FACE_PLATFORM | SCRFD detector initialized successfully.
2026-08-10 12:47:26 | INFO     | AI_FACE_PLATFORM | FaceDetectionService initialized.
2026-08-10 12:47:26 | INFO     | AI_FACE_PLATFORM | FaceAlignmentService initialized.
2026-08-10 12:47:26 | INFO     | AI_FACE_PLATFORM | EmbeddingInference initialized.
2026-08-10 12:47:26 | INFO     | AI_FACE_PLATFORM | EmbeddingService initialized.
2026-08-10 12:47:26 | INFO     | AI_FACE_PLATFORM | RegistrationService initialized.
2026-08-10 12:53:17 | INFO     | AI_FACE_PLATFORM | ============================================================
2026-08-10 12:53:17 | INFO     | AI_FACE_PLATFORM | Shutting down AI Face Platform...
2026-08-10 12:53:17 | INFO     | AI_FACE_PLATFORM | ============================================================
2026-08-10 12:53:21 | INFO     | AI_FACE_PLATFORM | ============================================================
2026-08-10 12:53:21 | INFO     | AI_FACE_PLATFORM | Starting AI Face Platform...
2026-08-10 12:53:21 | INFO     | AI_FACE_PLATFORM | ============================================================
2026-08-10 12:53:21 | INFO     | AI_FACE_PLATFORM | Database initialized.
2026-08-10 12:53:21 | INFO     | AI_FACE_PLATFORM | ============================================================
2026-08-10 12:53:21 | INFO     | AI_FACE_PLATFORM | Loading AI Models...
2026-08-10 12:53:21 | INFO     | AI_FACE_PLATFORM | ============================================================
2026-08-10 12:53:21 | INFO     | AI_FACE_PLATFORM | Loading SCRFD Model: scrfd_500m_bnkps.onnx
2026-08-10 12:53:21 | INFO     | AI_FACE_PLATFORM | SCRFD model loaded successfully.
2026-08-10 12:53:21 | INFO     | AI_FACE_PLATFORM | Loading ArcFace Model: w600k_r50.onnx
2026-08-10 12:53:22 | INFO     | AI_FACE_PLATFORM | ArcFace model loaded successfully.
2026-08-10 12:53:22 | INFO     | AI_FACE_PLATFORM | ============================================================
2026-08-10 12:53:22 | INFO     | AI_FACE_PLATFORM | AI Models Loaded Successfully.
2026-08-10 12:53:22 | INFO     | AI_FACE_PLATFORM | ============================================================
2026-08-10 12:53:22 | INFO     | AI_FACE_PLATFORM | AI models loaded.
2026-08-10 12:53:22 | INFO     | AI_FACE_PLATFORM | Application started successfully.
2026-08-10 12:54:32 | INFO     | AI_FACE_PLATFORM | ============================================================
2026-08-10 12:54:32 | INFO     | AI_FACE_PLATFORM | Shutting down AI Face Platform...
2026-08-10 12:54:32 | INFO     | AI_FACE_PLATFORM | ============================================================
2026-08-10 12:54:36 | INFO     | AI_FACE_PLATFORM | ============================================================
2026-08-10 12:54:36 | INFO     | AI_FACE_PLATFORM | Starting AI Face Platform...
2026-08-10 12:54:36 | INFO     | AI_FACE_PLATFORM | ============================================================
2026-08-10 12:54:36 | INFO     | AI_FACE_PLATFORM | Database initialized.
2026-08-10 12:54:36 | INFO     | AI_FACE_PLATFORM | ============================================================
2026-08-10 12:54:36 | INFO     | AI_FACE_PLATFORM | Loading AI Models...
2026-08-10 12:54:36 | INFO     | AI_FACE_PLATFORM | ============================================================
2026-08-10 12:54:36 | INFO     | AI_FACE_PLATFORM | Loading SCRFD Model: scrfd_500m_bnkps.onnx
2026-08-10 12:54:36 | INFO     | AI_FACE_PLATFORM | SCRFD model loaded successfully.
2026-08-10 12:54:36 | INFO     | AI_FACE_PLATFORM | Loading ArcFace Model: w600k_r50.onnx
2026-08-10 12:54:37 | INFO     | AI_FACE_PLATFORM | ArcFace model loaded successfully.
2026-08-10 12:54:37 | INFO     | AI_FACE_PLATFORM | ============================================================
2026-08-10 12:54:37 | INFO     | AI_FACE_PLATFORM | AI Models Loaded Successfully.
2026-08-10 12:54:37 | INFO     | AI_FACE_PLATFORM | ============================================================
2026-08-10 12:54:37 | INFO     | AI_FACE_PLATFORM | AI models loaded.
2026-08-10 12:54:37 | INFO     | AI_FACE_PLATFORM | Application started successfully.
2026-08-10 12:54:37 | INFO     | AI_FACE_PLATFORM | ============================================================
2026-08-10 12:54:37 | INFO     | AI_FACE_PLATFORM | Shutting down AI Face Platform...
2026-08-10 12:54:37 | INFO     | AI_FACE_PLATFORM | ============================================================
2026-08-10 12:54:46 | INFO     | AI_FACE_PLATFORM | ============================================================
2026-08-10 12:54:46 | INFO     | AI_FACE_PLATFORM | Starting AI Face Platform...
2026-08-10 12:54:46 | INFO     | AI_FACE_PLATFORM | ============================================================
2026-08-10 12:54:47 | INFO     | AI_FACE_PLATFORM | Database initialized.
2026-08-10 12:54:47 | INFO     | AI_FACE_PLATFORM | ============================================================
2026-08-10 12:54:47 | INFO     | AI_FACE_PLATFORM | Loading AI Models...
2026-08-10 12:54:47 | INFO     | AI_FACE_PLATFORM | ============================================================
2026-08-10 12:54:47 | INFO     | AI_FACE_PLATFORM | Loading SCRFD Model: scrfd_500m_bnkps.onnx
2026-08-10 12:54:47 | INFO     | AI_FACE_PLATFORM | SCRFD model loaded successfully.
2026-08-10 12:54:47 | INFO     | AI_FACE_PLATFORM | Loading ArcFace Model: w600k_r50.onnx
2026-08-10 12:54:47 | INFO     | AI_FACE_PLATFORM | ArcFace model loaded successfully.
2026-08-10 12:54:47 | INFO     | AI_FACE_PLATFORM | ============================================================
2026-08-10 12:54:47 | INFO     | AI_FACE_PLATFORM | AI Models Loaded Successfully.
2026-08-10 12:54:47 | INFO     | AI_FACE_PLATFORM | ============================================================
2026-08-10 12:54:47 | INFO     | AI_FACE_PLATFORM | AI models loaded.
2026-08-10 12:54:47 | INFO     | AI_FACE_PLATFORM | Application started successfully.
2026-08-10 12:56:07 | INFO     | AI_FACE_PLATFORM | ============================================================
2026-08-10 12:56:07 | INFO     | AI_FACE_PLATFORM | Shutting down AI Face Platform...
2026-08-10 12:56:07 | INFO     | AI_FACE_PLATFORM | ============================================================
2026-08-10 12:56:16 | INFO     | AI_FACE_PLATFORM | ============================================================
2026-08-10 12:56:16 | INFO     | AI_FACE_PLATFORM | Starting AI Face Platform...
2026-08-10 12:56:16 | INFO     | AI_FACE_PLATFORM | ============================================================
2026-08-10 12:56:16 | INFO     | AI_FACE_PLATFORM | Database initialized.
2026-08-10 12:56:16 | INFO     | AI_FACE_PLATFORM | ============================================================
2026-08-10 12:56:16 | INFO     | AI_FACE_PLATFORM | Loading AI Models...
2026-08-10 12:56:16 | INFO     | AI_FACE_PLATFORM | ============================================================
2026-08-10 12:56:16 | INFO     | AI_FACE_PLATFORM | Loading SCRFD Model: scrfd_500m_bnkps.onnx
2026-08-10 12:56:17 | INFO     | AI_FACE_PLATFORM | SCRFD model loaded successfully.
2026-08-10 12:56:17 | INFO     | AI_FACE_PLATFORM | Loading ArcFace Model: w600k_r50.onnx
2026-08-10 12:56:17 | INFO     | AI_FACE_PLATFORM | ArcFace model loaded successfully.
2026-08-10 12:56:17 | INFO     | AI_FACE_PLATFORM | ============================================================
2026-08-10 12:56:17 | INFO     | AI_FACE_PLATFORM | AI Models Loaded Successfully.
2026-08-10 12:56:17 | INFO     | AI_FACE_PLATFORM | ============================================================
2026-08-10 12:56:17 | INFO     | AI_FACE_PLATFORM | AI models loaded.
2026-08-10 12:56:17 | INFO     | AI_FACE_PLATFORM | Application started successfully.
2026-08-10 12:59:15 | INFO     | AI_FACE_PLATFORM | ============================================================
2026-08-10 12:59:15 | INFO     | AI_FACE_PLATFORM | Shutting down AI Face Platform...
2026-08-10 12:59:15 | INFO     | AI_FACE_PLATFORM | ============================================================
2026-08-10 12:59:20 | INFO     | AI_FACE_PLATFORM | ============================================================
2026-08-10 12:59:20 | INFO     | AI_FACE_PLATFORM | Starting AI Face Platform...
2026-08-10 12:59:20 | INFO     | AI_FACE_PLATFORM | ============================================================
2026-08-10 12:59:20 | INFO     | AI_FACE_PLATFORM | Database initialized.
2026-08-10 12:59:20 | INFO     | AI_FACE_PLATFORM | ============================================================
2026-08-10 12:59:20 | INFO     | AI_FACE_PLATFORM | Loading AI Models...
2026-08-10 12:59:20 | INFO     | AI_FACE_PLATFORM | ============================================================
2026-08-10 12:59:20 | INFO     | AI_FACE_PLATFORM | Loading SCRFD Model: scrfd_500m_bnkps.onnx
2026-08-10 12:59:20 | INFO     | AI_FACE_PLATFORM | SCRFD model loaded successfully.
2026-08-10 12:59:20 | INFO     | AI_FACE_PLATFORM | Loading ArcFace Model: w600k_r50.onnx
2026-08-10 12:59:21 | INFO     | AI_FACE_PLATFORM | ArcFace model loaded successfully.
2026-08-10 12:59:21 | INFO     | AI_FACE_PLATFORM | ============================================================
2026-08-10 12:59:21 | INFO     | AI_FACE_PLATFORM | AI Models Loaded Successfully.
2026-08-10 12:59:21 | INFO     | AI_FACE_PLATFORM | ============================================================
2026-08-10 12:59:21 | INFO     | AI_FACE_PLATFORM | AI models loaded.
2026-08-10 12:59:21 | INFO     | AI_FACE_PLATFORM | Application started successfully.
2026-08-10 13:01:26 | INFO     | AI_FACE_PLATFORM | ============================================================
2026-08-10 13:01:26 | INFO     | AI_FACE_PLATFORM | Shutting down AI Face Platform...
2026-08-10 13:01:26 | INFO     | AI_FACE_PLATFORM | ============================================================
2026-08-10 13:03:39 | INFO     | AI_FACE_PLATFORM | ============================================================
2026-08-10 13:03:39 | INFO     | AI_FACE_PLATFORM | Starting AI Face Platform...
2026-08-10 13:03:39 | INFO     | AI_FACE_PLATFORM | ============================================================
2026-08-10 13:03:39 | INFO     | AI_FACE_PLATFORM | Database initialized.
2026-08-10 13:03:39 | INFO     | AI_FACE_PLATFORM | ============================================================
2026-08-10 13:03:39 | INFO     | AI_FACE_PLATFORM | Loading AI Models...
2026-08-10 13:03:39 | INFO     | AI_FACE_PLATFORM | ============================================================
2026-08-10 13:03:39 | INFO     | AI_FACE_PLATFORM | Loading SCRFD Model: scrfd_500m_bnkps.onnx
2026-08-10 13:03:39 | INFO     | AI_FACE_PLATFORM | SCRFD model loaded successfully.
2026-08-10 13:03:39 | INFO     | AI_FACE_PLATFORM | Loading ArcFace Model: w600k_r50.onnx
2026-08-10 13:03:40 | INFO     | AI_FACE_PLATFORM | ArcFace model loaded successfully.
2026-08-10 13:03:40 | INFO     | AI_FACE_PLATFORM | ============================================================
2026-08-10 13:03:40 | INFO     | AI_FACE_PLATFORM | AI Models Loaded Successfully.
2026-08-10 13:03:40 | INFO     | AI_FACE_PLATFORM | ============================================================
2026-08-10 13:03:40 | INFO     | AI_FACE_PLATFORM | AI models loaded.
2026-08-10 13:03:40 | INFO     | AI_FACE_PLATFORM | Application started successfully.
2026-08-10 13:50:06 | INFO     | AI_FACE_PLATFORM | Initializing SCRFD detector...
2026-08-10 13:50:07 | INFO     | AI_FACE_PLATFORM | SCRFD detector initialized successfully.
2026-08-10 13:50:07 | INFO     | AI_FACE_PLATFORM | FaceDetectionService initialized.
2026-08-10 13:50:07 | INFO     | AI_FACE_PLATFORM | FaceAlignmentService initialized.
2026-08-10 13:50:07 | INFO     | AI_FACE_PLATFORM | EmbeddingInference initialized.
2026-08-10 13:50:07 | INFO     | AI_FACE_PLATFORM | EmbeddingService initialized.
2026-08-10 13:50:07 | INFO     | AI_FACE_PLATFORM | SimilarityService initialized.
2026-08-10 13:50:07 | INFO     | AI_FACE_PLATFORM | RecognitionService initialized.
2026-08-10 13:50:26 | INFO     | AI_FACE_PLATFORM | Initializing SCRFD detector...
2026-08-10 13:50:26 | INFO     | AI_FACE_PLATFORM | SCRFD detector initialized successfully.
2026-08-10 13:50:26 | INFO     | AI_FACE_PLATFORM | FaceDetectionService initialized.
2026-08-10 13:50:26 | INFO     | AI_FACE_PLATFORM | FaceAlignmentService initialized.
2026-08-10 13:50:26 | INFO     | AI_FACE_PLATFORM | EmbeddingInference initialized.
2026-08-10 13:50:26 | INFO     | AI_FACE_PLATFORM | EmbeddingService initialized.
2026-08-10 13:50:26 | INFO     | AI_FACE_PLATFORM | SimilarityService initialized.
2026-08-10 13:50:26 | INFO     | AI_FACE_PLATFORM | RecognitionService initialized.
2026-08-10 13:50:27 | INFO     | AI_FACE_PLATFORM | Starting face recognition.
2026-08-10 13:50:27 | INFO     | AI_FACE_PLATFORM | Face recognized: employee_id=3 similarity=0.8419 threshold=0.6200
2026-08-10 13:54:28 | INFO     | AI_FACE_PLATFORM | ============================================================
2026-08-10 13:54:28 | INFO     | AI_FACE_PLATFORM | Shutting down AI Face Platform...
2026-08-10 13:54:28 | INFO     | AI_FACE_PLATFORM | ============================================================
2026-08-10 13:54:34 | INFO     | AI_FACE_PLATFORM | ============================================================
2026-08-10 13:54:34 | INFO     | AI_FACE_PLATFORM | Starting AI Face Platform...
2026-08-10 13:54:34 | INFO     | AI_FACE_PLATFORM | ============================================================
2026-08-10 13:54:34 | INFO     | AI_FACE_PLATFORM | Database initialized.
2026-08-10 13:54:34 | INFO     | AI_FACE_PLATFORM | ============================================================
2026-08-10 13:54:34 | INFO     | AI_FACE_PLATFORM | Loading AI Models...
2026-08-10 13:54:34 | INFO     | AI_FACE_PLATFORM | ============================================================
2026-08-10 13:54:34 | INFO     | AI_FACE_PLATFORM | Loading SCRFD Model: scrfd_500m_bnkps.onnx
2026-08-10 13:54:34 | INFO     | AI_FACE_PLATFORM | SCRFD model loaded successfully.
2026-08-10 13:54:34 | INFO     | AI_FACE_PLATFORM | Loading ArcFace Model: w600k_r50.onnx
2026-08-10 13:54:35 | INFO     | AI_FACE_PLATFORM | ArcFace model loaded successfully.
2026-08-10 13:54:35 | INFO     | AI_FACE_PLATFORM | ============================================================
2026-08-10 13:54:35 | INFO     | AI_FACE_PLATFORM | AI Models Loaded Successfully.
2026-08-10 13:54:35 | INFO     | AI_FACE_PLATFORM | ============================================================
2026-08-10 13:54:35 | INFO     | AI_FACE_PLATFORM | AI models loaded.
2026-08-10 13:54:35 | INFO     | AI_FACE_PLATFORM | Application started successfully.
2026-08-10 13:55:05 | INFO     | AI_FACE_PLATFORM | Initializing SCRFD detector...
2026-08-10 13:55:06 | INFO     | AI_FACE_PLATFORM | SCRFD detector initialized successfully.
2026-08-10 13:55:06 | INFO     | AI_FACE_PLATFORM | FaceDetectionService initialized.
2026-08-10 13:55:06 | INFO     | AI_FACE_PLATFORM | FaceAlignmentService initialized.
2026-08-10 13:55:06 | INFO     | AI_FACE_PLATFORM | EmbeddingInference initialized.
2026-08-10 13:55:06 | INFO     | AI_FACE_PLATFORM | EmbeddingService initialized.
2026-08-10 13:55:06 | INFO     | AI_FACE_PLATFORM | SimilarityService initialized.
2026-08-10 13:55:06 | INFO     | AI_FACE_PLATFORM | RecognitionService initialized.
2026-08-10 13:55:06 | INFO     | AI_FACE_PLATFORM | Starting face recognition.
2026-08-10 13:55:06 | INFO     | AI_FACE_PLATFORM | Face recognized: employee_id=3 similarity=0.8419 threshold=0.6200
2026-08-10 13:55:16 | INFO     | AI_FACE_PLATFORM | Initializing SCRFD detector...
2026-08-10 13:55:16 | INFO     | AI_FACE_PLATFORM | SCRFD detector initialized successfully.
2026-08-10 13:55:16 | INFO     | AI_FACE_PLATFORM | FaceDetectionService initialized.
2026-08-10 13:55:16 | INFO     | AI_FACE_PLATFORM | FaceAlignmentService initialized.
2026-08-10 13:55:16 | INFO     | AI_FACE_PLATFORM | EmbeddingInference initialized.
2026-08-10 13:55:16 | INFO     | AI_FACE_PLATFORM | EmbeddingService initialized.
2026-08-10 13:55:16 | INFO     | AI_FACE_PLATFORM | SimilarityService initialized.
2026-08-10 13:55:16 | INFO     | AI_FACE_PLATFORM | RecognitionService initialized.
2026-08-10 13:55:16 | INFO     | AI_FACE_PLATFORM | Starting face recognition.
2026-08-10 13:55:16 | INFO     | AI_FACE_PLATFORM | Face recognized: employee_id=3 similarity=0.8208 threshold=0.6200
2026-08-10 14:05:33 | INFO     | AI_FACE_PLATFORM | Initializing SCRFD detector...
2026-08-10 14:05:33 | INFO     | AI_FACE_PLATFORM | SCRFD detector initialized successfully.
2026-08-10 14:05:33 | INFO     | AI_FACE_PLATFORM | FaceDetectionService initialized.
2026-08-10 14:05:33 | INFO     | AI_FACE_PLATFORM | FaceAlignmentService initialized.
2026-08-10 14:05:33 | INFO     | AI_FACE_PLATFORM | EmbeddingInference initialized.
2026-08-10 14:05:33 | INFO     | AI_FACE_PLATFORM | EmbeddingService initialized.
2026-08-10 14:05:33 | INFO     | AI_FACE_PLATFORM | RegistrationService initialized.
2026-08-10 14:05:33 | INFO     | AI_FACE_PLATFORM | Starting face registration for employee_id=4
2026-08-10 14:05:33 | INFO     | AI_FACE_PLATFORM | Processed pose=front employee_id=4
2026-08-10 14:06:25 | INFO     | AI_FACE_PLATFORM | Initializing SCRFD detector...
2026-08-10 14:06:25 | INFO     | AI_FACE_PLATFORM | SCRFD detector initialized successfully.
2026-08-10 14:06:25 | INFO     | AI_FACE_PLATFORM | FaceDetectionService initialized.
2026-08-10 14:06:25 | INFO     | AI_FACE_PLATFORM | FaceAlignmentService initialized.
2026-08-10 14:06:25 | INFO     | AI_FACE_PLATFORM | EmbeddingInference initialized.
2026-08-10 14:06:25 | INFO     | AI_FACE_PLATFORM | EmbeddingService initialized.
2026-08-10 14:06:25 | INFO     | AI_FACE_PLATFORM | RegistrationService initialized.
2026-08-10 14:06:25 | INFO     | AI_FACE_PLATFORM | Starting face registration for employee_id=4
2026-08-10 14:06:25 | INFO     | AI_FACE_PLATFORM | Processed pose=front employee_id=4
2026-08-10 14:07:22 | INFO     | AI_FACE_PLATFORM | Initializing SCRFD detector...
2026-08-10 14:07:22 | INFO     | AI_FACE_PLATFORM | SCRFD detector initialized successfully.
2026-08-10 14:07:22 | INFO     | AI_FACE_PLATFORM | FaceDetectionService initialized.
2026-08-10 14:07:22 | INFO     | AI_FACE_PLATFORM | FaceAlignmentService initialized.
2026-08-10 14:07:22 | INFO     | AI_FACE_PLATFORM | EmbeddingInference initialized.
2026-08-10 14:07:22 | INFO     | AI_FACE_PLATFORM | EmbeddingService initialized.
2026-08-10 14:07:22 | INFO     | AI_FACE_PLATFORM | RegistrationService initialized.
2026-08-10 14:07:22 | INFO     | AI_FACE_PLATFORM | Starting face registration for employee_id=4
2026-08-10 14:07:22 | INFO     | AI_FACE_PLATFORM | Processed pose=front employee_id=4
2026-08-10 14:08:56 | INFO     | AI_FACE_PLATFORM | Initializing SCRFD detector...
2026-08-10 14:08:57 | INFO     | AI_FACE_PLATFORM | SCRFD detector initialized successfully.
2026-08-10 14:08:57 | INFO     | AI_FACE_PLATFORM | FaceDetectionService initialized.
2026-08-10 14:08:57 | INFO     | AI_FACE_PLATFORM | FaceAlignmentService initialized.
2026-08-10 14:08:57 | INFO     | AI_FACE_PLATFORM | EmbeddingInference initialized.
2026-08-10 14:08:57 | INFO     | AI_FACE_PLATFORM | EmbeddingService initialized.
2026-08-10 14:08:57 | INFO     | AI_FACE_PLATFORM | RegistrationService initialized.
2026-08-10 14:08:57 | INFO     | AI_FACE_PLATFORM | Starting face registration for employee_id=4
2026-08-10 14:08:57 | INFO     | AI_FACE_PLATFORM | Processed pose=front employee_id=4
2026-08-10 14:14:51 | INFO     | AI_FACE_PLATFORM | ============================================================
2026-08-10 14:14:51 | INFO     | AI_FACE_PLATFORM | Shutting down AI Face Platform...
2026-08-10 14:14:51 | INFO     | AI_FACE_PLATFORM | ============================================================
2026-08-10 14:15:01 | INFO     | AI_FACE_PLATFORM | ============================================================
2026-08-10 14:15:01 | INFO     | AI_FACE_PLATFORM | Starting AI Face Platform...
2026-08-10 14:15:01 | INFO     | AI_FACE_PLATFORM | ============================================================
2026-08-10 14:15:02 | INFO     | AI_FACE_PLATFORM | Database initialized.
2026-08-10 14:15:02 | INFO     | AI_FACE_PLATFORM | ============================================================
2026-08-10 14:15:02 | INFO     | AI_FACE_PLATFORM | Loading AI Models...
2026-08-10 14:15:02 | INFO     | AI_FACE_PLATFORM | ============================================================
2026-08-10 14:15:02 | INFO     | AI_FACE_PLATFORM | Loading SCRFD Model: scrfd_500m_bnkps.onnx
2026-08-10 14:15:02 | INFO     | AI_FACE_PLATFORM | SCRFD model loaded successfully.
2026-08-10 14:15:02 | INFO     | AI_FACE_PLATFORM | Loading ArcFace Model: w600k_r50.onnx
2026-08-10 14:15:02 | INFO     | AI_FACE_PLATFORM | ArcFace model loaded successfully.
2026-08-10 14:15:02 | INFO     | AI_FACE_PLATFORM | ============================================================
2026-08-10 14:15:02 | INFO     | AI_FACE_PLATFORM | AI Models Loaded Successfully.
2026-08-10 14:15:02 | INFO     | AI_FACE_PLATFORM | ============================================================
2026-08-10 14:15:02 | INFO     | AI_FACE_PLATFORM | AI models loaded.
2026-08-10 14:15:02 | INFO     | AI_FACE_PLATFORM | Application started successfully.
2026-08-10 14:21:42 | INFO     | AI_FACE_PLATFORM | ============================================================
2026-08-10 14:21:42 | INFO     | AI_FACE_PLATFORM | Shutting down AI Face Platform...
2026-08-10 14:21:42 | INFO     | AI_FACE_PLATFORM | ============================================================
2026-08-10 14:21:47 | INFO     | AI_FACE_PLATFORM | ============================================================
2026-08-10 14:21:47 | INFO     | AI_FACE_PLATFORM | Starting AI Face Platform...
2026-08-10 14:21:47 | INFO     | AI_FACE_PLATFORM | ============================================================
2026-08-10 14:21:47 | INFO     | AI_FACE_PLATFORM | Database initialized.
2026-08-10 14:21:47 | INFO     | AI_FACE_PLATFORM | ============================================================
2026-08-10 14:21:47 | INFO     | AI_FACE_PLATFORM | Loading AI Models...
2026-08-10 14:21:47 | INFO     | AI_FACE_PLATFORM | ============================================================
2026-08-10 14:21:47 | INFO     | AI_FACE_PLATFORM | Loading SCRFD Model: scrfd_500m_bnkps.onnx
2026-08-10 14:21:47 | INFO     | AI_FACE_PLATFORM | SCRFD model loaded successfully.
2026-08-10 14:21:47 | INFO     | AI_FACE_PLATFORM | Loading ArcFace Model: w600k_r50.onnx
2026-08-10 14:21:48 | INFO     | AI_FACE_PLATFORM | ArcFace model loaded successfully.
2026-08-10 14:21:48 | INFO     | AI_FACE_PLATFORM | ============================================================
2026-08-10 14:21:48 | INFO     | AI_FACE_PLATFORM | AI Models Loaded Successfully.
2026-08-10 14:21:48 | INFO     | AI_FACE_PLATFORM | ============================================================
2026-08-10 14:21:48 | INFO     | AI_FACE_PLATFORM | AI models loaded.
2026-08-10 14:21:48 | INFO     | AI_FACE_PLATFORM | Application started successfully.
2026-08-10 14:26:11 | INFO     | AI_FACE_PLATFORM | ============================================================
2026-08-10 14:26:11 | INFO     | AI_FACE_PLATFORM | Shutting down AI Face Platform...
2026-08-10 14:26:11 | INFO     | AI_FACE_PLATFORM | ============================================================
2026-08-10 14:26:17 | INFO     | AI_FACE_PLATFORM | ============================================================
2026-08-10 14:26:17 | INFO     | AI_FACE_PLATFORM | Starting AI Face Platform...
2026-08-10 14:26:17 | INFO     | AI_FACE_PLATFORM | ============================================================
2026-08-10 14:26:17 | INFO     | AI_FACE_PLATFORM | Database initialized.
2026-08-10 14:26:17 | INFO     | AI_FACE_PLATFORM | ============================================================
2026-08-10 14:26:17 | INFO     | AI_FACE_PLATFORM | Loading AI Models...
2026-08-10 14:26:17 | INFO     | AI_FACE_PLATFORM | ============================================================
2026-08-10 14:26:17 | INFO     | AI_FACE_PLATFORM | Loading SCRFD Model: scrfd_500m_bnkps.onnx
2026-08-10 14:26:17 | INFO     | AI_FACE_PLATFORM | SCRFD model loaded successfully.
2026-08-10 14:26:17 | INFO     | AI_FACE_PLATFORM | Loading ArcFace Model: w600k_r50.onnx
2026-08-10 14:26:18 | INFO     | AI_FACE_PLATFORM | ArcFace model loaded successfully.
2026-08-10 14:26:18 | INFO     | AI_FACE_PLATFORM | ============================================================
2026-08-10 14:26:18 | INFO     | AI_FACE_PLATFORM | AI Models Loaded Successfully.
2026-08-10 14:26:18 | INFO     | AI_FACE_PLATFORM | ============================================================
2026-08-10 14:26:18 | INFO     | AI_FACE_PLATFORM | AI models loaded.
2026-08-10 14:26:18 | INFO     | AI_FACE_PLATFORM | Application started successfully.
2026-08-10 14:27:00 | INFO     | AI_FACE_PLATFORM | Initializing SCRFD detector...
2026-08-10 14:27:00 | INFO     | AI_FACE_PLATFORM | SCRFD detector initialized successfully.
2026-08-10 14:27:00 | INFO     | AI_FACE_PLATFORM | FaceDetectionService initialized.
2026-08-10 14:27:00 | INFO     | AI_FACE_PLATFORM | FaceAlignmentService initialized.
2026-08-10 14:27:00 | INFO     | AI_FACE_PLATFORM | EmbeddingInference initialized.
2026-08-10 14:27:00 | INFO     | AI_FACE_PLATFORM | EmbeddingService initialized.
2026-08-10 14:27:00 | INFO     | AI_FACE_PLATFORM | RegistrationService initialized.
2026-08-10 14:27:00 | INFO     | AI_FACE_PLATFORM | Starting face registration for employee_id=4
2026-08-10 14:27:01 | INFO     | AI_FACE_PLATFORM | Processed pose=front employee_id=4
2026-08-10 14:27:34 | INFO     | AI_FACE_PLATFORM | Initializing SCRFD detector...
2026-08-10 14:27:34 | INFO     | AI_FACE_PLATFORM | SCRFD detector initialized successfully.
2026-08-10 14:27:34 | INFO     | AI_FACE_PLATFORM | FaceDetectionService initialized.
2026-08-10 14:27:34 | INFO     | AI_FACE_PLATFORM | FaceAlignmentService initialized.
2026-08-10 14:27:34 | INFO     | AI_FACE_PLATFORM | EmbeddingInference initialized.
2026-08-10 14:27:34 | INFO     | AI_FACE_PLATFORM | EmbeddingService initialized.
2026-08-10 14:27:34 | INFO     | AI_FACE_PLATFORM | RegistrationService initialized.
2026-08-10 14:27:34 | INFO     | AI_FACE_PLATFORM | Starting face registration for employee_id=4
2026-08-10 14:27:34 | INFO     | AI_FACE_PLATFORM | Processed pose=front employee_id=4
2026-08-10 14:32:41 | INFO     | AI_FACE_PLATFORM | ============================================================
2026-08-10 14:32:41 | INFO     | AI_FACE_PLATFORM | Shutting down AI Face Platform...
2026-08-10 14:32:41 | INFO     | AI_FACE_PLATFORM | ============================================================
2026-08-10 14:32:45 | INFO     | AI_FACE_PLATFORM | ============================================================
2026-08-10 14:32:45 | INFO     | AI_FACE_PLATFORM | Starting AI Face Platform...
2026-08-10 14:32:45 | INFO     | AI_FACE_PLATFORM | ============================================================
2026-08-10 14:32:45 | INFO     | AI_FACE_PLATFORM | Database initialized.
2026-08-10 14:32:45 | INFO     | AI_FACE_PLATFORM | ============================================================
2026-08-10 14:32:45 | INFO     | AI_FACE_PLATFORM | Loading AI Models...
2026-08-10 14:32:45 | INFO     | AI_FACE_PLATFORM | ============================================================
2026-08-10 14:32:45 | INFO     | AI_FACE_PLATFORM | Loading SCRFD Model: scrfd_500m_bnkps.onnx
2026-08-10 14:32:45 | INFO     | AI_FACE_PLATFORM | SCRFD model loaded successfully.
2026-08-10 14:32:45 | INFO     | AI_FACE_PLATFORM | Loading ArcFace Model: w600k_r50.onnx
2026-08-10 14:32:46 | INFO     | AI_FACE_PLATFORM | ArcFace model loaded successfully.
2026-08-10 14:32:46 | INFO     | AI_FACE_PLATFORM | ============================================================
2026-08-10 14:32:46 | INFO     | AI_FACE_PLATFORM | AI Models Loaded Successfully.
2026-08-10 14:32:46 | INFO     | AI_FACE_PLATFORM | ============================================================
2026-08-10 14:32:46 | INFO     | AI_FACE_PLATFORM | AI models loaded.
2026-08-10 14:32:46 | INFO     | AI_FACE_PLATFORM | Application started successfully.
2026-08-10 14:37:14 | INFO     | AI_FACE_PLATFORM | ============================================================
2026-08-10 14:37:14 | INFO     | AI_FACE_PLATFORM | Shutting down AI Face Platform...
2026-08-10 14:37:14 | INFO     | AI_FACE_PLATFORM | ============================================================
2026-08-10 14:37:19 | INFO     | AI_FACE_PLATFORM | ============================================================
2026-08-10 14:37:19 | INFO     | AI_FACE_PLATFORM | Starting AI Face Platform...
2026-08-10 14:37:19 | INFO     | AI_FACE_PLATFORM | ============================================================
2026-08-10 14:37:19 | INFO     | AI_FACE_PLATFORM | Database initialized.
2026-08-10 14:37:19 | INFO     | AI_FACE_PLATFORM | ============================================================
2026-08-10 14:37:19 | INFO     | AI_FACE_PLATFORM | Loading AI Models...
2026-08-10 14:37:19 | INFO     | AI_FACE_PLATFORM | ============================================================
2026-08-10 14:37:19 | INFO     | AI_FACE_PLATFORM | Loading SCRFD Model: scrfd_500m_bnkps.onnx
2026-08-10 14:37:19 | INFO     | AI_FACE_PLATFORM | SCRFD model loaded successfully.
2026-08-10 14:37:19 | INFO     | AI_FACE_PLATFORM | Loading ArcFace Model: w600k_r50.onnx
2026-08-10 14:37:20 | INFO     | AI_FACE_PLATFORM | ArcFace model loaded successfully.
2026-08-10 14:37:20 | INFO     | AI_FACE_PLATFORM | ============================================================
2026-08-10 14:37:20 | INFO     | AI_FACE_PLATFORM | AI Models Loaded Successfully.
2026-08-10 14:37:20 | INFO     | AI_FACE_PLATFORM | ============================================================
2026-08-10 14:37:20 | INFO     | AI_FACE_PLATFORM | AI models loaded.
2026-08-10 14:37:20 | INFO     | AI_FACE_PLATFORM | Application started successfully.
2026-08-10 14:38:36 | INFO     | AI_FACE_PLATFORM | ============================================================
2026-08-10 14:38:36 | INFO     | AI_FACE_PLATFORM | Shutting down AI Face Platform...
2026-08-10 14:38:36 | INFO     | AI_FACE_PLATFORM | ============================================================
2026-08-10 14:38:46 | INFO     | AI_FACE_PLATFORM | ============================================================
2026-08-10 14:38:46 | INFO     | AI_FACE_PLATFORM | Starting AI Face Platform...
2026-08-10 14:38:46 | INFO     | AI_FACE_PLATFORM | ============================================================
2026-08-10 14:38:46 | INFO     | AI_FACE_PLATFORM | Database initialized.
2026-08-10 14:38:46 | INFO     | AI_FACE_PLATFORM | ============================================================
2026-08-10 14:38:46 | INFO     | AI_FACE_PLATFORM | Loading AI Models...
2026-08-10 14:38:46 | INFO     | AI_FACE_PLATFORM | ============================================================
2026-08-10 14:38:46 | INFO     | AI_FACE_PLATFORM | Loading SCRFD Model: scrfd_500m_bnkps.onnx
2026-08-10 14:38:46 | INFO     | AI_FACE_PLATFORM | SCRFD model loaded successfully.
2026-08-10 14:38:46 | INFO     | AI_FACE_PLATFORM | Loading ArcFace Model: w600k_r50.onnx
2026-08-10 14:38:47 | INFO     | AI_FACE_PLATFORM | ArcFace model loaded successfully.
2026-08-10 14:38:47 | INFO     | AI_FACE_PLATFORM | ============================================================
2026-08-10 14:38:47 | INFO     | AI_FACE_PLATFORM | AI Models Loaded Successfully.
2026-08-10 14:38:47 | INFO     | AI_FACE_PLATFORM | ============================================================
2026-08-10 14:38:47 | INFO     | AI_FACE_PLATFORM | AI models loaded.
2026-08-10 14:38:47 | INFO     | AI_FACE_PLATFORM | Application started successfully.
2026-08-10 14:39:34 | INFO     | AI_FACE_PLATFORM | Initializing SCRFD detector...
2026-08-10 14:39:34 | INFO     | AI_FACE_PLATFORM | SCRFD detector initialized successfully.
2026-08-10 14:39:34 | INFO     | AI_FACE_PLATFORM | FaceDetectionService initialized.
2026-08-10 14:39:34 | INFO     | AI_FACE_PLATFORM | FaceAlignmentService initialized.
2026-08-10 14:39:34 | INFO     | AI_FACE_PLATFORM | EmbeddingInference initialized.
2026-08-10 14:39:34 | INFO     | AI_FACE_PLATFORM | EmbeddingService initialized.
2026-08-10 14:39:34 | INFO     | AI_FACE_PLATFORM | RegistrationService initialized.
2026-08-10 14:39:34 | INFO     | AI_FACE_PLATFORM | Starting face registration for employee_id=4
2026-08-10 14:39:34 | INFO     | AI_FACE_PLATFORM | Registration raw detections: 1
2026-08-10 14:39:34 | INFO     | AI_FACE_PLATFORM | Registration detection: score=0.5854, width=835.6, height=1131.9, valid=True
2026-08-10 14:39:35 | INFO     | AI_FACE_PLATFORM | Processed pose=front employee_id=4
2026-08-10 14:39:35 | INFO     | AI_FACE_PLATFORM | Registration raw detections: 0
2026-08-10 14:46:50 | INFO     | AI_FACE_PLATFORM | Initializing SCRFD detector...
2026-08-10 14:46:50 | INFO     | AI_FACE_PLATFORM | SCRFD detector initialized successfully.
2026-08-10 14:46:50 | INFO     | AI_FACE_PLATFORM | FaceDetectionService initialized.
2026-08-10 14:46:50 | INFO     | AI_FACE_PLATFORM | FaceAlignmentService initialized.
2026-08-10 14:46:50 | INFO     | AI_FACE_PLATFORM | EmbeddingInference initialized.
2026-08-10 14:46:50 | INFO     | AI_FACE_PLATFORM | EmbeddingService initialized.
2026-08-10 14:46:50 | INFO     | AI_FACE_PLATFORM | RegistrationService initialized.
2026-08-10 14:46:50 | INFO     | AI_FACE_PLATFORM | Starting face registration for employee_id=4
2026-08-10 14:46:50 | INFO     | AI_FACE_PLATFORM | Registration raw detections: 1
2026-08-10 14:46:50 | INFO     | AI_FACE_PLATFORM | Registration detection: score=0.5854, width=835.6, height=1131.9, valid=True
2026-08-10 14:46:50 | INFO     | AI_FACE_PLATFORM | Processed pose=front employee_id=4
2026-08-10 14:46:50 | INFO     | AI_FACE_PLATFORM | Registration raw detections: 1
2026-08-10 14:46:50 | INFO     | AI_FACE_PLATFORM | Registration detection: score=0.7082, width=709.5, height=1019.6, valid=True
2026-08-10 14:46:50 | INFO     | AI_FACE_PLATFORM | Processed pose=left employee_id=4
2026-08-10 14:46:50 | INFO     | AI_FACE_PLATFORM | Registration raw detections: 0
2026-08-10 14:47:22 | INFO     | AI_FACE_PLATFORM | Initializing SCRFD detector...
2026-08-10 14:47:22 | INFO     | AI_FACE_PLATFORM | SCRFD detector initialized successfully.
2026-08-10 14:47:22 | INFO     | AI_FACE_PLATFORM | FaceDetectionService initialized.
2026-08-10 14:47:22 | INFO     | AI_FACE_PLATFORM | FaceAlignmentService initialized.
2026-08-10 14:47:22 | INFO     | AI_FACE_PLATFORM | EmbeddingInference initialized.
2026-08-10 14:47:22 | INFO     | AI_FACE_PLATFORM | EmbeddingService initialized.
2026-08-10 14:47:22 | INFO     | AI_FACE_PLATFORM | RegistrationService initialized.
2026-08-10 14:47:22 | INFO     | AI_FACE_PLATFORM | Starting face registration for employee_id=4
2026-08-10 14:47:22 | INFO     | AI_FACE_PLATFORM | Registration raw detections: 1
2026-08-10 14:47:22 | INFO     | AI_FACE_PLATFORM | Registration detection: score=0.5854, width=835.6, height=1131.9, valid=True
2026-08-10 14:47:22 | INFO     | AI_FACE_PLATFORM | Processed pose=front employee_id=4
2026-08-10 14:47:23 | INFO     | AI_FACE_PLATFORM | Registration raw detections: 1
2026-08-10 14:47:23 | INFO     | AI_FACE_PLATFORM | Registration detection: score=0.7082, width=709.5, height=1019.6, valid=True
2026-08-10 14:47:23 | INFO     | AI_FACE_PLATFORM | Processed pose=left employee_id=4
2026-08-10 14:47:23 | INFO     | AI_FACE_PLATFORM | Registration raw detections: 1
2026-08-10 14:47:23 | INFO     | AI_FACE_PLATFORM | Registration detection: score=0.7515, width=665.2, height=926.1, valid=True
2026-08-10 14:47:23 | INFO     | AI_FACE_PLATFORM | Processed pose=right employee_id=4
2026-08-10 14:47:23 | INFO     | AI_FACE_PLATFORM | Registration raw detections: 0
2026-08-10 14:47:51 | INFO     | AI_FACE_PLATFORM | Initializing SCRFD detector...
2026-08-10 14:47:51 | INFO     | AI_FACE_PLATFORM | SCRFD detector initialized successfully.
2026-08-10 14:47:51 | INFO     | AI_FACE_PLATFORM | FaceDetectionService initialized.
2026-08-10 14:47:51 | INFO     | AI_FACE_PLATFORM | FaceAlignmentService initialized.
2026-08-10 14:47:51 | INFO     | AI_FACE_PLATFORM | EmbeddingInference initialized.
2026-08-10 14:47:51 | INFO     | AI_FACE_PLATFORM | EmbeddingService initialized.
2026-08-10 14:47:51 | INFO     | AI_FACE_PLATFORM | RegistrationService initialized.
2026-08-10 14:47:51 | INFO     | AI_FACE_PLATFORM | Starting face registration for employee_id=4
2026-08-10 14:47:51 | INFO     | AI_FACE_PLATFORM | Registration raw detections: 1
2026-08-10 14:47:51 | INFO     | AI_FACE_PLATFORM | Registration detection: score=0.5854, width=835.6, height=1131.9, valid=True
2026-08-10 14:47:51 | INFO     | AI_FACE_PLATFORM | Processed pose=front employee_id=4
2026-08-10 14:47:51 | INFO     | AI_FACE_PLATFORM | Registration raw detections: 1
2026-08-10 14:47:51 | INFO     | AI_FACE_PLATFORM | Registration detection: score=0.7082, width=709.5, height=1019.6, valid=True
2026-08-10 14:47:52 | INFO     | AI_FACE_PLATFORM | Processed pose=left employee_id=4
2026-08-10 14:47:52 | INFO     | AI_FACE_PLATFORM | Registration raw detections: 1
2026-08-10 14:47:52 | INFO     | AI_FACE_PLATFORM | Registration detection: score=0.7515, width=665.2, height=926.1, valid=True
2026-08-10 14:47:52 | INFO     | AI_FACE_PLATFORM | Processed pose=right employee_id=4
2026-08-10 14:47:52 | INFO     | AI_FACE_PLATFORM | Registration raw detections: 0
2026-08-10 14:54:59 | INFO     | AI_FACE_PLATFORM | Initializing SCRFD detector...
2026-08-10 14:54:59 | INFO     | AI_FACE_PLATFORM | SCRFD detector initialized successfully.
2026-08-10 14:54:59 | INFO     | AI_FACE_PLATFORM | FaceDetectionService initialized.
2026-08-10 14:54:59 | INFO     | AI_FACE_PLATFORM | FaceAlignmentService initialized.
2026-08-10 14:54:59 | INFO     | AI_FACE_PLATFORM | EmbeddingInference initialized.
2026-08-10 14:54:59 | INFO     | AI_FACE_PLATFORM | EmbeddingService initialized.
2026-08-10 14:54:59 | INFO     | AI_FACE_PLATFORM | RegistrationService initialized.
2026-08-10 14:54:59 | INFO     | AI_FACE_PLATFORM | Starting face registration for employee_id=4
2026-08-10 14:54:59 | INFO     | AI_FACE_PLATFORM | Registration raw detections: 1
2026-08-10 14:54:59 | INFO     | AI_FACE_PLATFORM | Registration detection: score=0.5854, width=835.6, height=1131.9, valid=True
2026-08-10 14:54:59 | INFO     | AI_FACE_PLATFORM | Processed pose=front employee_id=4
2026-08-10 14:55:00 | INFO     | AI_FACE_PLATFORM | Registration raw detections: 1
2026-08-10 14:55:00 | INFO     | AI_FACE_PLATFORM | Registration detection: score=0.7082, width=709.5, height=1019.6, valid=True
2026-08-10 14:55:00 | INFO     | AI_FACE_PLATFORM | Processed pose=left employee_id=4
2026-08-10 14:55:00 | INFO     | AI_FACE_PLATFORM | Registration raw detections: 1
2026-08-10 14:55:00 | INFO     | AI_FACE_PLATFORM | Registration detection: score=0.7515, width=665.2, height=926.1, valid=True
2026-08-10 14:55:00 | INFO     | AI_FACE_PLATFORM | Processed pose=right employee_id=4
2026-08-10 14:55:00 | INFO     | AI_FACE_PLATFORM | Registration raw detections: 0
2026-08-10 14:55:46 | INFO     | AI_FACE_PLATFORM | Initializing SCRFD detector...
2026-08-10 14:55:46 | INFO     | AI_FACE_PLATFORM | SCRFD detector initialized successfully.
2026-08-10 14:55:46 | INFO     | AI_FACE_PLATFORM | FaceDetectionService initialized.
2026-08-10 14:55:46 | INFO     | AI_FACE_PLATFORM | FaceAlignmentService initialized.
2026-08-10 14:55:46 | INFO     | AI_FACE_PLATFORM | EmbeddingInference initialized.
2026-08-10 14:55:46 | INFO     | AI_FACE_PLATFORM | EmbeddingService initialized.
2026-08-10 14:55:46 | INFO     | AI_FACE_PLATFORM | RegistrationService initialized.
2026-08-10 14:55:46 | INFO     | AI_FACE_PLATFORM | Starting face registration for employee_id=4
2026-08-10 14:55:46 | INFO     | AI_FACE_PLATFORM | Registration raw detections: 1
2026-08-10 14:55:46 | INFO     | AI_FACE_PLATFORM | Registration detection: score=0.5854, width=835.6, height=1131.9, valid=True
2026-08-10 14:55:46 | INFO     | AI_FACE_PLATFORM | Processed pose=front employee_id=4
2026-08-10 14:55:46 | INFO     | AI_FACE_PLATFORM | Registration raw detections: 1
2026-08-10 14:55:46 | INFO     | AI_FACE_PLATFORM | Registration detection: score=0.7082, width=709.5, height=1019.6, valid=True
2026-08-10 14:55:46 | INFO     | AI_FACE_PLATFORM | Processed pose=left employee_id=4
2026-08-10 14:55:46 | INFO     | AI_FACE_PLATFORM | Registration raw detections: 1
2026-08-10 14:55:46 | INFO     | AI_FACE_PLATFORM | Registration detection: score=0.7515, width=665.2, height=926.1, valid=True
2026-08-10 14:55:46 | INFO     | AI_FACE_PLATFORM | Processed pose=right employee_id=4
2026-08-10 14:55:46 | INFO     | AI_FACE_PLATFORM | Registration raw detections: 0
2026-08-10 14:57:00 | INFO     | AI_FACE_PLATFORM | Initializing SCRFD detector...
2026-08-10 14:57:00 | INFO     | AI_FACE_PLATFORM | SCRFD detector initialized successfully.
2026-08-10 14:57:00 | INFO     | AI_FACE_PLATFORM | FaceDetectionService initialized.
2026-08-10 14:57:00 | INFO     | AI_FACE_PLATFORM | FaceAlignmentService initialized.
2026-08-10 14:57:00 | INFO     | AI_FACE_PLATFORM | EmbeddingInference initialized.
2026-08-10 14:57:00 | INFO     | AI_FACE_PLATFORM | EmbeddingService initialized.
2026-08-10 14:57:00 | INFO     | AI_FACE_PLATFORM | RegistrationService initialized.
2026-08-10 14:57:00 | INFO     | AI_FACE_PLATFORM | Starting face registration for employee_id=4
2026-08-10 14:57:00 | INFO     | AI_FACE_PLATFORM | Registration raw detections: 1
2026-08-10 14:57:00 | INFO     | AI_FACE_PLATFORM | Registration detection: score=0.5854, width=835.6, height=1131.9, valid=True
2026-08-10 14:57:00 | INFO     | AI_FACE_PLATFORM | Processed pose=front employee_id=4
2026-08-10 14:57:00 | INFO     | AI_FACE_PLATFORM | Registration raw detections: 1
2026-08-10 14:57:00 | INFO     | AI_FACE_PLATFORM | Registration detection: score=0.7082, width=709.5, height=1019.6, valid=True
2026-08-10 14:57:00 | INFO     | AI_FACE_PLATFORM | Processed pose=left employee_id=4
2026-08-10 14:57:00 | INFO     | AI_FACE_PLATFORM | Registration raw detections: 1
2026-08-10 14:57:00 | INFO     | AI_FACE_PLATFORM | Registration detection: score=0.7515, width=665.2, height=926.1, valid=True
2026-08-10 14:57:00 | INFO     | AI_FACE_PLATFORM | Processed pose=right employee_id=4
2026-08-10 14:57:00 | INFO     | AI_FACE_PLATFORM | Registration raw detections: 0
2026-08-10 14:59:53 | INFO     | AI_FACE_PLATFORM | Initializing SCRFD detector...
2026-08-10 14:59:53 | INFO     | AI_FACE_PLATFORM | SCRFD detector initialized successfully.
2026-08-10 14:59:53 | INFO     | AI_FACE_PLATFORM | FaceDetectionService initialized.
2026-08-10 14:59:53 | INFO     | AI_FACE_PLATFORM | FaceAlignmentService initialized.
2026-08-10 14:59:53 | INFO     | AI_FACE_PLATFORM | EmbeddingInference initialized.
2026-08-10 14:59:53 | INFO     | AI_FACE_PLATFORM | EmbeddingService initialized.
2026-08-10 14:59:53 | INFO     | AI_FACE_PLATFORM | RegistrationService initialized.
2026-08-10 14:59:53 | INFO     | AI_FACE_PLATFORM | Starting face registration for employee_id=4
2026-08-10 14:59:53 | INFO     | AI_FACE_PLATFORM | Registration raw detections: 1
2026-08-10 14:59:53 | INFO     | AI_FACE_PLATFORM | Registration detection: score=0.5854, width=835.6, height=1131.9, valid=True
2026-08-10 14:59:53 | INFO     | AI_FACE_PLATFORM | Processed pose=front employee_id=4
2026-08-10 14:59:53 | INFO     | AI_FACE_PLATFORM | Registration raw detections: 1
2026-08-10 14:59:53 | INFO     | AI_FACE_PLATFORM | Registration detection: score=0.7082, width=709.5, height=1019.6, valid=True
2026-08-10 14:59:53 | INFO     | AI_FACE_PLATFORM | Processed pose=left employee_id=4
2026-08-10 14:59:53 | INFO     | AI_FACE_PLATFORM | Registration raw detections: 1
2026-08-10 14:59:53 | INFO     | AI_FACE_PLATFORM | Registration detection: score=0.7515, width=665.2, height=926.1, valid=True
2026-08-10 14:59:54 | INFO     | AI_FACE_PLATFORM | Processed pose=right employee_id=4
2026-08-10 14:59:54 | INFO     | AI_FACE_PLATFORM | Registration raw detections: 0
2026-08-10 15:00:14 | INFO     | AI_FACE_PLATFORM | Initializing SCRFD detector...
2026-08-10 15:00:14 | INFO     | AI_FACE_PLATFORM | SCRFD detector initialized successfully.
2026-08-10 15:00:14 | INFO     | AI_FACE_PLATFORM | FaceDetectionService initialized.
2026-08-10 15:00:14 | INFO     | AI_FACE_PLATFORM | FaceAlignmentService initialized.
2026-08-10 15:00:14 | INFO     | AI_FACE_PLATFORM | EmbeddingInference initialized.
2026-08-10 15:00:14 | INFO     | AI_FACE_PLATFORM | EmbeddingService initialized.
2026-08-10 15:00:14 | INFO     | AI_FACE_PLATFORM | RegistrationService initialized.
2026-08-10 15:00:14 | INFO     | AI_FACE_PLATFORM | Starting face registration for employee_id=4
2026-08-10 15:00:14 | INFO     | AI_FACE_PLATFORM | Registration raw detections: 1
2026-08-10 15:00:14 | INFO     | AI_FACE_PLATFORM | Registration detection: score=0.5854, width=835.6, height=1131.9, valid=True
2026-08-10 15:00:14 | INFO     | AI_FACE_PLATFORM | Processed pose=front employee_id=4
2026-08-10 15:00:14 | INFO     | AI_FACE_PLATFORM | Registration raw detections: 1
2026-08-10 15:00:14 | INFO     | AI_FACE_PLATFORM | Registration detection: score=0.7082, width=709.5, height=1019.6, valid=True
2026-08-10 15:00:14 | INFO     | AI_FACE_PLATFORM | Processed pose=left employee_id=4
2026-08-10 15:00:14 | INFO     | AI_FACE_PLATFORM | Registration raw detections: 1
2026-08-10 15:00:14 | INFO     | AI_FACE_PLATFORM | Registration detection: score=0.7515, width=665.2, height=926.1, valid=True
2026-08-10 15:00:14 | INFO     | AI_FACE_PLATFORM | Processed pose=right employee_id=4
2026-08-10 15:00:14 | INFO     | AI_FACE_PLATFORM | Registration raw detections: 0
2026-08-10 15:00:23 | INFO     | AI_FACE_PLATFORM | Initializing SCRFD detector...
2026-08-10 15:00:23 | INFO     | AI_FACE_PLATFORM | SCRFD detector initialized successfully.
2026-08-10 15:00:23 | INFO     | AI_FACE_PLATFORM | FaceDetectionService initialized.
2026-08-10 15:00:23 | INFO     | AI_FACE_PLATFORM | FaceAlignmentService initialized.
2026-08-10 15:00:23 | INFO     | AI_FACE_PLATFORM | EmbeddingInference initialized.
2026-08-10 15:00:23 | INFO     | AI_FACE_PLATFORM | EmbeddingService initialized.
2026-08-10 15:00:23 | INFO     | AI_FACE_PLATFORM | RegistrationService initialized.
2026-08-10 15:00:23 | INFO     | AI_FACE_PLATFORM | Starting face registration for employee_id=4
2026-08-10 15:00:23 | INFO     | AI_FACE_PLATFORM | Registration raw detections: 1
2026-08-10 15:00:23 | INFO     | AI_FACE_PLATFORM | Registration detection: score=0.5854, width=835.6, height=1131.9, valid=True
2026-08-10 15:00:23 | INFO     | AI_FACE_PLATFORM | Processed pose=front employee_id=4
2026-08-10 15:00:23 | INFO     | AI_FACE_PLATFORM | Registration raw detections: 1
2026-08-10 15:00:23 | INFO     | AI_FACE_PLATFORM | Registration detection: score=0.7082, width=709.5, height=1019.6, valid=True
2026-08-10 15:00:23 | INFO     | AI_FACE_PLATFORM | Processed pose=left employee_id=4
2026-08-10 15:00:23 | INFO     | AI_FACE_PLATFORM | Registration raw detections: 1
2026-08-10 15:00:23 | INFO     | AI_FACE_PLATFORM | Registration detection: score=0.7515, width=665.2, height=926.1, valid=True
2026-08-10 15:00:24 | INFO     | AI_FACE_PLATFORM | Processed pose=right employee_id=4
2026-08-10 15:00:24 | INFO     | AI_FACE_PLATFORM | Registration raw detections: 0
2026-08-10 15:05:37 | INFO     | AI_FACE_PLATFORM | ============================================================
2026-08-10 15:05:37 | INFO     | AI_FACE_PLATFORM | Shutting down AI Face Platform...
2026-08-10 15:05:37 | INFO     | AI_FACE_PLATFORM | ============================================================
2026-08-10 15:05:40 | INFO     | AI_FACE_PLATFORM | SCRFD detector initialized successfully.
2026-08-10 15:05:40 | INFO     | AI_FACE_PLATFORM | ============================================================
2026-08-10 15:05:40 | INFO     | AI_FACE_PLATFORM | Starting AI Face Platform...
2026-08-10 15:05:40 | INFO     | AI_FACE_PLATFORM | ============================================================
2026-08-10 15:05:41 | INFO     | AI_FACE_PLATFORM | Database initialized.
2026-08-10 15:05:41 | INFO     | AI_FACE_PLATFORM | ============================================================
2026-08-10 15:05:41 | INFO     | AI_FACE_PLATFORM | Loading AI Models...
2026-08-10 15:05:41 | INFO     | AI_FACE_PLATFORM | ============================================================
2026-08-10 15:05:41 | INFO     | AI_FACE_PLATFORM | Loading SCRFD Model: scrfd_500m_bnkps.onnx
2026-08-10 15:05:41 | INFO     | AI_FACE_PLATFORM | SCRFD model loaded successfully.
2026-08-10 15:05:41 | INFO     | AI_FACE_PLATFORM | Loading ArcFace Model: w600k_r50.onnx
2026-08-10 15:05:41 | INFO     | AI_FACE_PLATFORM | ArcFace model loaded successfully.
2026-08-10 15:05:41 | INFO     | AI_FACE_PLATFORM | ============================================================
2026-08-10 15:05:41 | INFO     | AI_FACE_PLATFORM | AI Models Loaded Successfully.
2026-08-10 15:05:41 | INFO     | AI_FACE_PLATFORM | ============================================================
2026-08-10 15:05:41 | INFO     | AI_FACE_PLATFORM | AI models loaded.
2026-08-10 15:05:41 | INFO     | AI_FACE_PLATFORM | Application started successfully.
2026-08-10 15:06:27 | INFO     | AI_FACE_PLATFORM | Initializing SCRFD detector...
2026-08-10 15:06:27 | INFO     | AI_FACE_PLATFORM | FaceDetectionService initialized.
2026-08-10 15:06:27 | INFO     | AI_FACE_PLATFORM | FaceAlignmentService initialized.
2026-08-10 15:06:27 | INFO     | AI_FACE_PLATFORM | EmbeddingInference initialized.
2026-08-10 15:06:27 | INFO     | AI_FACE_PLATFORM | EmbeddingService initialized.
2026-08-10 15:06:27 | INFO     | AI_FACE_PLATFORM | RegistrationService initialized.
2026-08-10 15:06:27 | INFO     | AI_FACE_PLATFORM | Starting face registration for employee_id=4
2026-08-10 15:06:27 | INFO     | AI_FACE_PLATFORM | Registration raw detections: 1
2026-08-10 15:06:27 | INFO     | AI_FACE_PLATFORM | Registration detection: score=0.5854, width=835.6, height=1131.9, valid=True
2026-08-10 15:06:28 | INFO     | AI_FACE_PLATFORM | Processed pose=front employee_id=4
2026-08-10 15:06:28 | INFO     | AI_FACE_PLATFORM | Registration raw detections: 1
2026-08-10 15:06:28 | INFO     | AI_FACE_PLATFORM | Registration detection: score=0.7082, width=709.5, height=1019.6, valid=True
2026-08-10 15:06:28 | INFO     | AI_FACE_PLATFORM | Processed pose=left employee_id=4
2026-08-10 15:06:28 | INFO     | AI_FACE_PLATFORM | Registration raw detections: 1
2026-08-10 15:06:28 | INFO     | AI_FACE_PLATFORM | Registration detection: score=0.7515, width=665.2, height=926.1, valid=True
2026-08-10 15:06:28 | INFO     | AI_FACE_PLATFORM | Processed pose=right employee_id=4
2026-08-10 15:06:28 | INFO     | AI_FACE_PLATFORM | Registration raw detections: 1
2026-08-10 15:06:28 | INFO     | AI_FACE_PLATFORM | Registration detection: score=0.3294, width=869.0, height=1229.1, valid=True
2026-08-10 15:06:28 | INFO     | AI_FACE_PLATFORM | Processed pose=up employee_id=4
2026-08-10 15:06:28 | INFO     | AI_FACE_PLATFORM | Registration raw detections: 1
2026-08-10 15:06:28 | INFO     | AI_FACE_PLATFORM | Registration detection: score=0.7230, width=769.6, height=786.1, valid=True
2026-08-10 15:06:28 | INFO     | AI_FACE_PLATFORM | Processed pose=down employee_id=4
2026-08-10 15:06:29 | INFO     | AI_FACE_PLATFORM | Face registration completed for employee_id=4
2026-08-10 15:07:05 | INFO     | AI_FACE_PLATFORM | Initializing SCRFD detector...
2026-08-10 15:07:06 | INFO     | AI_FACE_PLATFORM | FaceDetectionService initialized.
2026-08-10 15:07:06 | INFO     | AI_FACE_PLATFORM | FaceAlignmentService initialized.
2026-08-10 15:07:06 | INFO     | AI_FACE_PLATFORM | EmbeddingInference initialized.
2026-08-10 15:07:06 | INFO     | AI_FACE_PLATFORM | EmbeddingService initialized.
2026-08-10 15:07:06 | INFO     | AI_FACE_PLATFORM | SimilarityService initialized.
2026-08-10 15:07:06 | INFO     | AI_FACE_PLATFORM | RecognitionService initialized.
2026-08-10 15:07:06 | INFO     | AI_FACE_PLATFORM | Starting face recognition.
2026-08-10 15:07:06 | INFO     | AI_FACE_PLATFORM | Face recognized: employee_id=4 similarity=0.8391 threshold=0.6200
2026-08-10 15:07:29 | INFO     | AI_FACE_PLATFORM | Initializing SCRFD detector...
2026-08-10 15:07:29 | INFO     | AI_FACE_PLATFORM | FaceDetectionService initialized.
2026-08-10 15:07:29 | INFO     | AI_FACE_PLATFORM | FaceAlignmentService initialized.
2026-08-10 15:07:29 | INFO     | AI_FACE_PLATFORM | EmbeddingInference initialized.
2026-08-10 15:07:29 | INFO     | AI_FACE_PLATFORM | EmbeddingService initialized.
2026-08-10 15:07:29 | INFO     | AI_FACE_PLATFORM | SimilarityService initialized.
2026-08-10 15:07:29 | INFO     | AI_FACE_PLATFORM | RecognitionService initialized.
2026-08-10 15:07:29 | INFO     | AI_FACE_PLATFORM | Starting face recognition.
2026-08-10 15:07:30 | INFO     | AI_FACE_PLATFORM | Face recognized: employee_id=4 similarity=0.8468 threshold=0.6200
2026-08-10 15:08:21 | INFO     | AI_FACE_PLATFORM | Initializing SCRFD detector...
2026-08-10 15:08:21 | INFO     | AI_FACE_PLATFORM | FaceDetectionService initialized.
2026-08-10 15:08:21 | INFO     | AI_FACE_PLATFORM | FaceAlignmentService initialized.
2026-08-10 15:08:21 | INFO     | AI_FACE_PLATFORM | EmbeddingInference initialized.
2026-08-10 15:08:21 | INFO     | AI_FACE_PLATFORM | EmbeddingService initialized.
2026-08-10 15:08:21 | INFO     | AI_FACE_PLATFORM | SimilarityService initialized.
2026-08-10 15:08:21 | INFO     | AI_FACE_PLATFORM | RecognitionService initialized.
2026-08-10 15:09:07 | INFO     | AI_FACE_PLATFORM | Initializing SCRFD detector...
2026-08-10 15:09:08 | INFO     | AI_FACE_PLATFORM | FaceDetectionService initialized.
2026-08-10 15:09:08 | INFO     | AI_FACE_PLATFORM | FaceAlignmentService initialized.
2026-08-10 15:09:08 | INFO     | AI_FACE_PLATFORM | EmbeddingInference initialized.
2026-08-10 15:09:08 | INFO     | AI_FACE_PLATFORM | EmbeddingService initialized.
2026-08-10 15:09:08 | INFO     | AI_FACE_PLATFORM | SimilarityService initialized.
2026-08-10 15:09:08 | INFO     | AI_FACE_PLATFORM | RecognitionService initialized.
2026-08-10 15:10:15 | INFO     | AI_FACE_PLATFORM | Initializing SCRFD detector...
2026-08-10 15:10:15 | INFO     | AI_FACE_PLATFORM | FaceDetectionService initialized.
2026-08-10 15:10:15 | INFO     | AI_FACE_PLATFORM | FaceAlignmentService initialized.
2026-08-10 15:10:15 | INFO     | AI_FACE_PLATFORM | EmbeddingInference initialized.
2026-08-10 15:10:15 | INFO     | AI_FACE_PLATFORM | EmbeddingService initialized.
2026-08-10 15:10:15 | INFO     | AI_FACE_PLATFORM | SimilarityService initialized.
2026-08-10 15:10:15 | INFO     | AI_FACE_PLATFORM | RecognitionService initialized.
2026-08-10 15:10:46 | INFO     | AI_FACE_PLATFORM | Initializing SCRFD detector...
2026-08-10 15:10:46 | INFO     | AI_FACE_PLATFORM | FaceDetectionService initialized.
2026-08-10 15:10:46 | INFO     | AI_FACE_PLATFORM | FaceAlignmentService initialized.
2026-08-10 15:10:46 | INFO     | AI_FACE_PLATFORM | EmbeddingInference initialized.
2026-08-10 15:10:46 | INFO     | AI_FACE_PLATFORM | EmbeddingService initialized.
2026-08-10 15:10:46 | INFO     | AI_FACE_PLATFORM | SimilarityService initialized.
2026-08-10 15:10:46 | INFO     | AI_FACE_PLATFORM | RecognitionService initialized.
2026-08-10 15:14:51 | INFO     | AI_FACE_PLATFORM | ============================================================
2026-08-10 15:14:51 | INFO     | AI_FACE_PLATFORM | Shutting down AI Face Platform...
2026-08-10 15:14:51 | INFO     | AI_FACE_PLATFORM | ============================================================
2026-08-10 15:15:00 | INFO     | AI_FACE_PLATFORM | SCRFD detector initialized successfully.
2026-08-10 15:15:00 | INFO     | AI_FACE_PLATFORM | ============================================================
2026-08-10 15:15:00 | INFO     | AI_FACE_PLATFORM | Starting AI Face Platform...
2026-08-10 15:15:00 | INFO     | AI_FACE_PLATFORM | ============================================================
2026-08-10 15:15:00 | INFO     | AI_FACE_PLATFORM | Database initialized.
2026-08-10 15:15:00 | INFO     | AI_FACE_PLATFORM | ============================================================
2026-08-10 15:15:00 | INFO     | AI_FACE_PLATFORM | Loading AI Models...
2026-08-10 15:15:00 | INFO     | AI_FACE_PLATFORM | ============================================================
2026-08-10 15:15:00 | INFO     | AI_FACE_PLATFORM | Loading SCRFD Model: scrfd_500m_bnkps.onnx
2026-08-10 15:15:00 | INFO     | AI_FACE_PLATFORM | SCRFD model loaded successfully.
2026-08-10 15:15:00 | INFO     | AI_FACE_PLATFORM | Loading ArcFace Model: w600k_r50.onnx
2026-08-10 15:15:01 | INFO     | AI_FACE_PLATFORM | ArcFace model loaded successfully.
2026-08-10 15:15:01 | INFO     | AI_FACE_PLATFORM | ============================================================
2026-08-10 15:15:01 | INFO     | AI_FACE_PLATFORM | AI Models Loaded Successfully.
2026-08-10 15:15:01 | INFO     | AI_FACE_PLATFORM | ============================================================
2026-08-10 15:15:01 | INFO     | AI_FACE_PLATFORM | AI models loaded.
2026-08-10 15:15:01 | INFO     | AI_FACE_PLATFORM | Application started successfully.
2026-08-10 15:15:04 | INFO     | AI_FACE_PLATFORM | Initializing SCRFD detector...
2026-08-10 15:15:04 | INFO     | AI_FACE_PLATFORM | FaceDetectionService initialized.
2026-08-10 15:15:04 | INFO     | AI_FACE_PLATFORM | FaceAlignmentService initialized.
2026-08-10 15:15:04 | INFO     | AI_FACE_PLATFORM | EmbeddingInference initialized.
2026-08-10 15:15:04 | INFO     | AI_FACE_PLATFORM | EmbeddingService initialized.
2026-08-10 15:15:04 | INFO     | AI_FACE_PLATFORM | SimilarityService initialized.
2026-08-10 15:15:04 | INFO     | AI_FACE_PLATFORM | RecognitionService initialized.
2026-08-10 15:21:40 | INFO     | AI_FACE_PLATFORM | SCRFD detector initialized successfully.
2026-08-10 15:21:40 | INFO     | AI_FACE_PLATFORM | ============================================================
2026-08-10 15:21:40 | INFO     | AI_FACE_PLATFORM | Starting AI Face Platform...
2026-08-10 15:21:40 | INFO     | AI_FACE_PLATFORM | ============================================================
2026-08-10 15:21:40 | INFO     | AI_FACE_PLATFORM | Database initialized.
2026-08-10 15:21:40 | INFO     | AI_FACE_PLATFORM | ============================================================
2026-08-10 15:21:40 | INFO     | AI_FACE_PLATFORM | Loading AI Models...
2026-08-10 15:21:40 | INFO     | AI_FACE_PLATFORM | ============================================================
2026-08-10 15:21:40 | INFO     | AI_FACE_PLATFORM | Loading SCRFD Model: scrfd_500m_bnkps.onnx
2026-08-10 15:21:40 | INFO     | AI_FACE_PLATFORM | SCRFD model loaded successfully.
2026-08-10 15:21:40 | INFO     | AI_FACE_PLATFORM | Loading ArcFace Model: w600k_r50.onnx
2026-08-10 15:21:41 | INFO     | AI_FACE_PLATFORM | ArcFace model loaded successfully.
2026-08-10 15:21:41 | INFO     | AI_FACE_PLATFORM | ============================================================
2026-08-10 15:21:41 | INFO     | AI_FACE_PLATFORM | AI Models Loaded Successfully.
2026-08-10 15:21:41 | INFO     | AI_FACE_PLATFORM | ============================================================
2026-08-10 15:21:41 | INFO     | AI_FACE_PLATFORM | AI models loaded.
2026-08-10 15:21:41 | INFO     | AI_FACE_PLATFORM | Application started successfully.
2026-08-10 15:22:07 | INFO     | AI_FACE_PLATFORM | Initializing SCRFD detector...
2026-08-10 15:22:07 | INFO     | AI_FACE_PLATFORM | FaceDetectionService initialized.
2026-08-10 15:22:07 | INFO     | AI_FACE_PLATFORM | FaceAlignmentService initialized.
2026-08-10 15:22:07 | INFO     | AI_FACE_PLATFORM | EmbeddingInference initialized.
2026-08-10 15:22:07 | INFO     | AI_FACE_PLATFORM | EmbeddingService initialized.
2026-08-10 15:22:07 | INFO     | AI_FACE_PLATFORM | SimilarityService initialized.
2026-08-10 15:22:07 | INFO     | AI_FACE_PLATFORM | RecognitionService initialized.
2026-08-10 15:27:09 | INFO     | AI_FACE_PLATFORM | ============================================================
2026-08-10 15:27:09 | INFO     | AI_FACE_PLATFORM | Shutting down AI Face Platform...
2026-08-10 15:27:09 | INFO     | AI_FACE_PLATFORM | ============================================================
2026-08-10 15:27:10 | INFO     | AI_FACE_PLATFORM | ============================================================
2026-08-10 15:27:10 | INFO     | AI_FACE_PLATFORM | Shutting down AI Face Platform...
2026-08-10 15:27:10 | INFO     | AI_FACE_PLATFORM | ============================================================
2026-08-10 15:27:17 | INFO     | AI_FACE_PLATFORM | SCRFD detector initialized successfully.
2026-08-10 15:27:18 | INFO     | AI_FACE_PLATFORM | ============================================================
2026-08-10 15:27:18 | INFO     | AI_FACE_PLATFORM | Starting AI Face Platform...
2026-08-10 15:27:18 | INFO     | AI_FACE_PLATFORM | ============================================================
2026-08-10 15:27:18 | INFO     | AI_FACE_PLATFORM | Database initialized.
2026-08-10 15:27:18 | INFO     | AI_FACE_PLATFORM | ============================================================
2026-08-10 15:27:18 | INFO     | AI_FACE_PLATFORM | Loading AI Models...
2026-08-10 15:27:18 | INFO     | AI_FACE_PLATFORM | ============================================================
2026-08-10 15:27:18 | INFO     | AI_FACE_PLATFORM | Loading SCRFD Model: scrfd_500m_bnkps.onnx
2026-08-10 15:27:18 | INFO     | AI_FACE_PLATFORM | SCRFD model loaded successfully.
2026-08-10 15:27:18 | INFO     | AI_FACE_PLATFORM | Loading ArcFace Model: w600k_r50.onnx
2026-08-10 15:27:18 | INFO     | AI_FACE_PLATFORM | ArcFace model loaded successfully.
2026-08-10 15:27:18 | INFO     | AI_FACE_PLATFORM | ============================================================
2026-08-10 15:27:18 | INFO     | AI_FACE_PLATFORM | AI Models Loaded Successfully.
2026-08-10 15:27:18 | INFO     | AI_FACE_PLATFORM | ============================================================
2026-08-10 15:27:18 | INFO     | AI_FACE_PLATFORM | AI models loaded.
2026-08-10 15:27:18 | INFO     | AI_FACE_PLATFORM | Application started successfully.
2026-08-10 15:27:18 | INFO     | AI_FACE_PLATFORM | SCRFD detector initialized successfully.
2026-08-10 15:27:18 | INFO     | AI_FACE_PLATFORM | ============================================================
2026-08-10 15:27:18 | INFO     | AI_FACE_PLATFORM | Starting AI Face Platform...
2026-08-10 15:27:18 | INFO     | AI_FACE_PLATFORM | ============================================================
2026-08-10 15:27:19 | INFO     | AI_FACE_PLATFORM | Database initialized.
2026-08-10 15:27:19 | INFO     | AI_FACE_PLATFORM | ============================================================
2026-08-10 15:27:19 | INFO     | AI_FACE_PLATFORM | Loading AI Models...
2026-08-10 15:27:19 | INFO     | AI_FACE_PLATFORM | ============================================================
2026-08-10 15:27:19 | INFO     | AI_FACE_PLATFORM | Loading SCRFD Model: scrfd_500m_bnkps.onnx
2026-08-10 15:27:19 | INFO     | AI_FACE_PLATFORM | SCRFD model loaded successfully.
2026-08-10 15:27:19 | INFO     | AI_FACE_PLATFORM | Loading ArcFace Model: w600k_r50.onnx
2026-08-10 15:27:19 | INFO     | AI_FACE_PLATFORM | ArcFace model loaded successfully.
2026-08-10 15:27:19 | INFO     | AI_FACE_PLATFORM | ============================================================
2026-08-10 15:27:19 | INFO     | AI_FACE_PLATFORM | AI Models Loaded Successfully.
2026-08-10 15:27:19 | INFO     | AI_FACE_PLATFORM | ============================================================
2026-08-10 15:27:19 | INFO     | AI_FACE_PLATFORM | AI models loaded.
2026-08-10 15:27:19 | INFO     | AI_FACE_PLATFORM | Application started successfully.
2026-08-10 15:27:26 | INFO     | AI_FACE_PLATFORM | Initializing SCRFD detector...
2026-08-10 15:27:26 | INFO     | AI_FACE_PLATFORM | FaceDetectionService initialized.
2026-08-10 15:27:26 | INFO     | AI_FACE_PLATFORM | FaceAlignmentService initialized.
2026-08-10 15:27:26 | INFO     | AI_FACE_PLATFORM | EmbeddingInference initialized.
2026-08-10 15:27:26 | INFO     | AI_FACE_PLATFORM | EmbeddingService initialized.
2026-08-10 15:27:26 | INFO     | AI_FACE_PLATFORM | SimilarityService initialized.
2026-08-10 15:27:26 | INFO     | AI_FACE_PLATFORM | RecognitionService initialized.
2026-08-10 15:30:02 | INFO     | AI_FACE_PLATFORM | ============================================================
2026-08-10 15:30:02 | INFO     | AI_FACE_PLATFORM | Shutting down AI Face Platform...
2026-08-10 15:30:02 | INFO     | AI_FACE_PLATFORM | ============================================================
2026-08-10 15:30:03 | INFO     | AI_FACE_PLATFORM | ============================================================
2026-08-10 15:30:03 | INFO     | AI_FACE_PLATFORM | Shutting down AI Face Platform...
2026-08-10 15:30:03 | INFO     | AI_FACE_PLATFORM | ============================================================
2026-08-10 15:30:09 | INFO     | AI_FACE_PLATFORM | SCRFD detector initialized successfully.
2026-08-10 15:30:10 | INFO     | AI_FACE_PLATFORM | ============================================================
2026-08-10 15:30:10 | INFO     | AI_FACE_PLATFORM | Starting AI Face Platform...
2026-08-10 15:30:10 | INFO     | AI_FACE_PLATFORM | ============================================================
2026-08-10 15:30:10 | INFO     | AI_FACE_PLATFORM | SCRFD detector initialized successfully.
2026-08-10 15:30:10 | INFO     | AI_FACE_PLATFORM | Database initialized.
2026-08-10 15:30:10 | INFO     | AI_FACE_PLATFORM | ============================================================
2026-08-10 15:30:10 | INFO     | AI_FACE_PLATFORM | Loading AI Models...
2026-08-10 15:30:10 | INFO     | AI_FACE_PLATFORM | ============================================================
2026-08-10 15:30:10 | INFO     | AI_FACE_PLATFORM | Loading SCRFD Model: scrfd_500m_bnkps.onnx
2026-08-10 15:30:10 | INFO     | AI_FACE_PLATFORM | ============================================================
2026-08-10 15:30:10 | INFO     | AI_FACE_PLATFORM | Starting AI Face Platform...
2026-08-10 15:30:10 | INFO     | AI_FACE_PLATFORM | ============================================================
2026-08-10 15:30:10 | INFO     | AI_FACE_PLATFORM | SCRFD model loaded successfully.
2026-08-10 15:30:10 | INFO     | AI_FACE_PLATFORM | Loading ArcFace Model: w600k_r50.onnx
2026-08-10 15:30:10 | INFO     | AI_FACE_PLATFORM | Database initialized.
2026-08-10 15:30:10 | INFO     | AI_FACE_PLATFORM | ============================================================
2026-08-10 15:30:10 | INFO     | AI_FACE_PLATFORM | Loading AI Models...
2026-08-10 15:30:10 | INFO     | AI_FACE_PLATFORM | ============================================================
2026-08-10 15:30:10 | INFO     | AI_FACE_PLATFORM | Loading SCRFD Model: scrfd_500m_bnkps.onnx
2026-08-10 15:30:10 | INFO     | AI_FACE_PLATFORM | SCRFD model loaded successfully.
2026-08-10 15:30:10 | INFO     | AI_FACE_PLATFORM | Loading ArcFace Model: w600k_r50.onnx
2026-08-10 15:30:11 | INFO     | AI_FACE_PLATFORM | ArcFace model loaded successfully.
2026-08-10 15:30:11 | INFO     | AI_FACE_PLATFORM | ============================================================
2026-08-10 15:30:11 | INFO     | AI_FACE_PLATFORM | AI Models Loaded Successfully.
2026-08-10 15:30:11 | INFO     | AI_FACE_PLATFORM | ============================================================
2026-08-10 15:30:11 | INFO     | AI_FACE_PLATFORM | AI models loaded.
2026-08-10 15:30:11 | INFO     | AI_FACE_PLATFORM | Application started successfully.
2026-08-10 15:30:11 | INFO     | AI_FACE_PLATFORM | ArcFace model loaded successfully.
2026-08-10 15:30:11 | INFO     | AI_FACE_PLATFORM | ============================================================
2026-08-10 15:30:11 | INFO     | AI_FACE_PLATFORM | AI Models Loaded Successfully.
2026-08-10 15:30:11 | INFO     | AI_FACE_PLATFORM | ============================================================
2026-08-10 15:30:11 | INFO     | AI_FACE_PLATFORM | AI models loaded.
2026-08-10 15:30:11 | INFO     | AI_FACE_PLATFORM | Application started successfully.
2026-08-10 15:30:24 | INFO     | AI_FACE_PLATFORM | Initializing SCRFD detector...
2026-08-10 15:30:24 | INFO     | AI_FACE_PLATFORM | FaceDetectionService initialized.
2026-08-10 15:30:24 | INFO     | AI_FACE_PLATFORM | FaceAlignmentService initialized.
2026-08-10 15:30:24 | INFO     | AI_FACE_PLATFORM | EmbeddingInference initialized.
2026-08-10 15:30:24 | INFO     | AI_FACE_PLATFORM | EmbeddingService initialized.
2026-08-10 15:30:24 | INFO     | AI_FACE_PLATFORM | SimilarityService initialized.
2026-08-10 15:30:24 | INFO     | AI_FACE_PLATFORM | RecognitionService initialized.
2026-08-10 15:31:56 | INFO     | AI_FACE_PLATFORM | ============================================================
2026-08-10 15:31:56 | INFO     | AI_FACE_PLATFORM | Shutting down AI Face Platform...
2026-08-10 15:31:56 | INFO     | AI_FACE_PLATFORM | ============================================================
2026-08-10 15:31:57 | INFO     | AI_FACE_PLATFORM | ============================================================
2026-08-10 15:31:57 | INFO     | AI_FACE_PLATFORM | Shutting down AI Face Platform...
2026-08-10 15:31:57 | INFO     | AI_FACE_PLATFORM | ============================================================
2026-08-10 15:31:59 | INFO     | AI_FACE_PLATFORM | SCRFD detector initialized successfully.
2026-08-10 15:32:00 | INFO     | AI_FACE_PLATFORM | ============================================================
2026-08-10 15:32:00 | INFO     | AI_FACE_PLATFORM | Starting AI Face Platform...
2026-08-10 15:32:00 | INFO     | AI_FACE_PLATFORM | ============================================================
2026-08-10 15:32:00 | INFO     | AI_FACE_PLATFORM | Database initialized.
2026-08-10 15:32:00 | INFO     | AI_FACE_PLATFORM | ============================================================
2026-08-10 15:32:00 | INFO     | AI_FACE_PLATFORM | Loading AI Models...
2026-08-10 15:32:00 | INFO     | AI_FACE_PLATFORM | ============================================================
2026-08-10 15:32:00 | INFO     | AI_FACE_PLATFORM | Loading SCRFD Model: scrfd_500m_bnkps.onnx
2026-08-10 15:32:00 | INFO     | AI_FACE_PLATFORM | SCRFD model loaded successfully.
2026-08-10 15:32:00 | INFO     | AI_FACE_PLATFORM | Loading ArcFace Model: w600k_r50.onnx
2026-08-10 15:32:00 | INFO     | AI_FACE_PLATFORM | ArcFace model loaded successfully.
2026-08-10 15:32:00 | INFO     | AI_FACE_PLATFORM | ============================================================
2026-08-10 15:32:00 | INFO     | AI_FACE_PLATFORM | AI Models Loaded Successfully.
2026-08-10 15:32:00 | INFO     | AI_FACE_PLATFORM | ============================================================
2026-08-10 15:32:00 | INFO     | AI_FACE_PLATFORM | AI models loaded.
2026-08-10 15:32:00 | INFO     | AI_FACE_PLATFORM | Application started successfully.
2026-08-10 15:32:07 | INFO     | AI_FACE_PLATFORM | SCRFD detector initialized successfully.
2026-08-10 15:32:07 | INFO     | AI_FACE_PLATFORM | ============================================================
2026-08-10 15:32:07 | INFO     | AI_FACE_PLATFORM | Starting AI Face Platform...
2026-08-10 15:32:07 | INFO     | AI_FACE_PLATFORM | ============================================================
2026-08-10 15:32:07 | INFO     | AI_FACE_PLATFORM | Database initialized.
2026-08-10 15:32:07 | INFO     | AI_FACE_PLATFORM | ============================================================
2026-08-10 15:32:07 | INFO     | AI_FACE_PLATFORM | Loading AI Models...
2026-08-10 15:32:07 | INFO     | AI_FACE_PLATFORM | ============================================================
2026-08-10 15:32:07 | INFO     | AI_FACE_PLATFORM | Loading SCRFD Model: scrfd_500m_bnkps.onnx
2026-08-10 15:32:07 | INFO     | AI_FACE_PLATFORM | SCRFD model loaded successfully.
2026-08-10 15:32:07 | INFO     | AI_FACE_PLATFORM | Loading ArcFace Model: w600k_r50.onnx
2026-08-10 15:32:08 | INFO     | AI_FACE_PLATFORM | ArcFace model loaded successfully.
2026-08-10 15:32:08 | INFO     | AI_FACE_PLATFORM | ============================================================
2026-08-10 15:32:08 | INFO     | AI_FACE_PLATFORM | AI Models Loaded Successfully.
2026-08-10 15:32:08 | INFO     | AI_FACE_PLATFORM | ============================================================
2026-08-10 15:32:08 | INFO     | AI_FACE_PLATFORM | AI models loaded.
2026-08-10 15:32:08 | INFO     | AI_FACE_PLATFORM | Application started successfully.
2026-08-10 15:32:22 | INFO     | AI_FACE_PLATFORM | ============================================================
2026-08-10 15:32:22 | INFO     | AI_FACE_PLATFORM | Shutting down AI Face Platform...
2026-08-10 15:32:22 | INFO     | AI_FACE_PLATFORM | ============================================================
2026-08-10 15:32:23 | INFO     | AI_FACE_PLATFORM | ============================================================
2026-08-10 15:32:23 | INFO     | AI_FACE_PLATFORM | Shutting down AI Face Platform...
2026-08-10 15:32:23 | INFO     | AI_FACE_PLATFORM | ============================================================
2026-08-10 15:32:26 | INFO     | AI_FACE_PLATFORM | SCRFD detector initialized successfully.
2026-08-10 15:32:26 | INFO     | AI_FACE_PLATFORM | SCRFD detector initialized successfully.
2026-08-10 15:32:26 | INFO     | AI_FACE_PLATFORM | ============================================================
2026-08-10 15:32:26 | INFO     | AI_FACE_PLATFORM | Starting AI Face Platform...
2026-08-10 15:32:26 | INFO     | AI_FACE_PLATFORM | ============================================================
2026-08-10 15:32:26 | INFO     | AI_FACE_PLATFORM | ============================================================
2026-08-10 15:32:26 | INFO     | AI_FACE_PLATFORM | Starting AI Face Platform...
2026-08-10 15:32:26 | INFO     | AI_FACE_PLATFORM | ============================================================
2026-08-10 15:32:26 | INFO     | AI_FACE_PLATFORM | Database initialized.
2026-08-10 15:32:26 | INFO     | AI_FACE_PLATFORM | ============================================================
2026-08-10 15:32:26 | INFO     | AI_FACE_PLATFORM | Loading AI Models...
2026-08-10 15:32:26 | INFO     | AI_FACE_PLATFORM | ============================================================
2026-08-10 15:32:26 | INFO     | AI_FACE_PLATFORM | Loading SCRFD Model: scrfd_500m_bnkps.onnx
2026-08-10 15:32:27 | INFO     | AI_FACE_PLATFORM | Database initialized.
2026-08-10 15:32:27 | INFO     | AI_FACE_PLATFORM | ============================================================
2026-08-10 15:32:27 | INFO     | AI_FACE_PLATFORM | Loading AI Models...
2026-08-10 15:32:27 | INFO     | AI_FACE_PLATFORM | ============================================================
2026-08-10 15:32:27 | INFO     | AI_FACE_PLATFORM | Loading SCRFD Model: scrfd_500m_bnkps.onnx
2026-08-10 15:32:27 | INFO     | AI_FACE_PLATFORM | SCRFD model loaded successfully.
2026-08-10 15:32:27 | INFO     | AI_FACE_PLATFORM | Loading ArcFace Model: w600k_r50.onnx
2026-08-10 15:32:27 | INFO     | AI_FACE_PLATFORM | SCRFD model loaded successfully.
2026-08-10 15:32:27 | INFO     | AI_FACE_PLATFORM | Loading ArcFace Model: w600k_r50.onnx
2026-08-10 15:32:27 | INFO     | AI_FACE_PLATFORM | ArcFace model loaded successfully.
2026-08-10 15:32:27 | INFO     | AI_FACE_PLATFORM | ============================================================
2026-08-10 15:32:27 | INFO     | AI_FACE_PLATFORM | AI Models Loaded Successfully.
2026-08-10 15:32:27 | INFO     | AI_FACE_PLATFORM | ============================================================
2026-08-10 15:32:27 | INFO     | AI_FACE_PLATFORM | AI models loaded.
2026-08-10 15:32:27 | INFO     | AI_FACE_PLATFORM | Application started successfully.
2026-08-10 15:32:28 | INFO     | AI_FACE_PLATFORM | ArcFace model loaded successfully.
2026-08-10 15:32:28 | INFO     | AI_FACE_PLATFORM | ============================================================
2026-08-10 15:32:28 | INFO     | AI_FACE_PLATFORM | AI Models Loaded Successfully.
2026-08-10 15:32:28 | INFO     | AI_FACE_PLATFORM | ============================================================
2026-08-10 15:32:28 | INFO     | AI_FACE_PLATFORM | AI models loaded.
2026-08-10 15:32:28 | INFO     | AI_FACE_PLATFORM | Application started successfully.
2026-08-10 15:37:03 | INFO     | AI_FACE_PLATFORM | ============================================================
2026-08-10 15:37:03 | INFO     | AI_FACE_PLATFORM | Shutting down AI Face Platform...
2026-08-10 15:37:03 | INFO     | AI_FACE_PLATFORM | ============================================================
2026-08-10 15:37:03 | INFO     | AI_FACE_PLATFORM | ============================================================
2026-08-10 15:37:03 | INFO     | AI_FACE_PLATFORM | Shutting down AI Face Platform...
2026-08-10 15:37:03 | INFO     | AI_FACE_PLATFORM | ============================================================
2026-08-10 15:37:12 | INFO     | AI_FACE_PLATFORM | SCRFD detector initialized successfully.
2026-08-10 15:37:12 | INFO     | AI_FACE_PLATFORM | ============================================================
2026-08-10 15:37:12 | INFO     | AI_FACE_PLATFORM | Starting AI Face Platform...
2026-08-10 15:37:12 | INFO     | AI_FACE_PLATFORM | ============================================================
2026-08-10 15:37:12 | INFO     | AI_FACE_PLATFORM | Database initialized.
2026-08-10 15:37:12 | INFO     | AI_FACE_PLATFORM | ============================================================
2026-08-10 15:37:12 | INFO     | AI_FACE_PLATFORM | Loading AI Models...
2026-08-10 15:37:12 | INFO     | AI_FACE_PLATFORM | ============================================================
2026-08-10 15:37:12 | INFO     | AI_FACE_PLATFORM | Loading SCRFD Model: scrfd_500m_bnkps.onnx
2026-08-10 15:37:12 | INFO     | AI_FACE_PLATFORM | SCRFD model loaded successfully.
2026-08-10 15:37:12 | INFO     | AI_FACE_PLATFORM | Loading ArcFace Model: w600k_r50.onnx
2026-08-10 15:37:13 | INFO     | AI_FACE_PLATFORM | SCRFD detector initialized successfully.
2026-08-10 15:37:13 | INFO     | AI_FACE_PLATFORM | ============================================================
2026-08-10 15:37:13 | INFO     | AI_FACE_PLATFORM | Starting AI Face Platform...
2026-08-10 15:37:13 | INFO     | AI_FACE_PLATFORM | ============================================================
2026-08-10 15:37:13 | INFO     | AI_FACE_PLATFORM | ArcFace model loaded successfully.
2026-08-10 15:37:13 | INFO     | AI_FACE_PLATFORM | ============================================================
2026-08-10 15:37:13 | INFO     | AI_FACE_PLATFORM | AI Models Loaded Successfully.
2026-08-10 15:37:13 | INFO     | AI_FACE_PLATFORM | ============================================================
2026-08-10 15:37:13 | INFO     | AI_FACE_PLATFORM | AI models loaded.
2026-08-10 15:37:13 | INFO     | AI_FACE_PLATFORM | Application started successfully.
2026-08-10 15:37:13 | INFO     | AI_FACE_PLATFORM | Database initialized.
2026-08-10 15:37:13 | INFO     | AI_FACE_PLATFORM | ============================================================
2026-08-10 15:37:13 | INFO     | AI_FACE_PLATFORM | Loading AI Models...
2026-08-10 15:37:13 | INFO     | AI_FACE_PLATFORM | ============================================================
2026-08-10 15:37:13 | INFO     | AI_FACE_PLATFORM | Loading SCRFD Model: scrfd_500m_bnkps.onnx
2026-08-10 15:37:13 | INFO     | AI_FACE_PLATFORM | SCRFD model loaded successfully.
2026-08-10 15:37:13 | INFO     | AI_FACE_PLATFORM | Loading ArcFace Model: w600k_r50.onnx
2026-08-10 15:37:14 | INFO     | AI_FACE_PLATFORM | ArcFace model loaded successfully.
2026-08-10 15:37:14 | INFO     | AI_FACE_PLATFORM | ============================================================
2026-08-10 15:37:14 | INFO     | AI_FACE_PLATFORM | AI Models Loaded Successfully.
2026-08-10 15:37:14 | INFO     | AI_FACE_PLATFORM | ============================================================
2026-08-10 15:37:14 | INFO     | AI_FACE_PLATFORM | AI models loaded.
2026-08-10 15:37:14 | INFO     | AI_FACE_PLATFORM | Application started successfully.
2026-08-10 15:37:18 | INFO     | AI_FACE_PLATFORM | Initializing SCRFD detector...
2026-08-10 15:37:18 | INFO     | AI_FACE_PLATFORM | FaceDetectionService initialized.
2026-08-10 15:37:18 | INFO     | AI_FACE_PLATFORM | FaceAlignmentService initialized.
2026-08-10 15:37:18 | INFO     | AI_FACE_PLATFORM | EmbeddingInference initialized.
2026-08-10 15:37:18 | INFO     | AI_FACE_PLATFORM | EmbeddingService initialized.
2026-08-10 15:37:18 | INFO     | AI_FACE_PLATFORM | SimilarityService initialized.
2026-08-10 15:37:18 | INFO     | AI_FACE_PLATFORM | RecognitionService initialized.
2026-08-10 15:37:18 | INFO     | AI_FACE_PLATFORM | Starting face verification.
2026-08-10 15:37:19 | INFO     | AI_FACE_PLATFORM | Face verification completed: matched=False similarity=0.0375 threshold=0.6200
2026-08-10 15:37:47 | INFO     | AI_FACE_PLATFORM | Initializing SCRFD detector...
2026-08-10 15:37:47 | INFO     | AI_FACE_PLATFORM | FaceDetectionService initialized.
2026-08-10 15:37:47 | INFO     | AI_FACE_PLATFORM | FaceAlignmentService initialized.
2026-08-10 15:37:47 | INFO     | AI_FACE_PLATFORM | EmbeddingInference initialized.
2026-08-10 15:37:47 | INFO     | AI_FACE_PLATFORM | EmbeddingService initialized.
2026-08-10 15:37:47 | INFO     | AI_FACE_PLATFORM | SimilarityService initialized.
2026-08-10 15:37:47 | INFO     | AI_FACE_PLATFORM | RecognitionService initialized.
2026-08-10 15:37:47 | INFO     | AI_FACE_PLATFORM | Starting face verification.
2026-08-10 15:37:47 | INFO     | AI_FACE_PLATFORM | Face verification completed: matched=True similarity=0.8464 threshold=0.6200
2026-08-10 15:48:24 | INFO     | AI_FACE_PLATFORM | ============================================================
2026-08-10 15:48:24 | INFO     | AI_FACE_PLATFORM | Shutting down AI Face Platform...
2026-08-10 15:48:24 | INFO     | AI_FACE_PLATFORM | ============================================================
2026-08-10 15:48:25 | INFO     | AI_FACE_PLATFORM | ============================================================
2026-08-10 15:48:25 | INFO     | AI_FACE_PLATFORM | Shutting down AI Face Platform...
2026-08-10 15:48:25 | INFO     | AI_FACE_PLATFORM | ============================================================
2026-08-10 15:48:27 | INFO     | AI_FACE_PLATFORM | SCRFD detector initialized successfully.
2026-08-10 15:48:28 | INFO     | AI_FACE_PLATFORM | ============================================================
2026-08-10 15:48:28 | INFO     | AI_FACE_PLATFORM | Starting AI Face Platform...
2026-08-10 15:48:28 | INFO     | AI_FACE_PLATFORM | ============================================================
2026-08-10 15:48:28 | INFO     | AI_FACE_PLATFORM | Database initialized.
2026-08-10 15:48:28 | INFO     | AI_FACE_PLATFORM | ============================================================
2026-08-10 15:48:28 | INFO     | AI_FACE_PLATFORM | Loading AI Models...
2026-08-10 15:48:28 | INFO     | AI_FACE_PLATFORM | ============================================================
2026-08-10 15:48:28 | INFO     | AI_FACE_PLATFORM | Loading SCRFD Model: scrfd_500m_bnkps.onnx
2026-08-10 15:48:28 | INFO     | AI_FACE_PLATFORM | SCRFD model loaded successfully.
2026-08-10 15:48:28 | INFO     | AI_FACE_PLATFORM | Loading ArcFace Model: w600k_r50.onnx
2026-08-10 15:48:28 | INFO     | AI_FACE_PLATFORM | ArcFace model loaded successfully.
2026-08-10 15:48:28 | INFO     | AI_FACE_PLATFORM | ============================================================
2026-08-10 15:48:28 | INFO     | AI_FACE_PLATFORM | AI Models Loaded Successfully.
2026-08-10 15:48:28 | INFO     | AI_FACE_PLATFORM | ============================================================
2026-08-10 15:48:28 | INFO     | AI_FACE_PLATFORM | AI models loaded.
2026-08-10 15:48:28 | INFO     | AI_FACE_PLATFORM | Application started successfully.
2026-08-10 15:48:29 | INFO     | AI_FACE_PLATFORM | SCRFD detector initialized successfully.
2026-08-10 15:48:29 | INFO     | AI_FACE_PLATFORM | ============================================================
2026-08-10 15:48:29 | INFO     | AI_FACE_PLATFORM | Starting AI Face Platform...
2026-08-10 15:48:29 | INFO     | AI_FACE_PLATFORM | ============================================================
2026-08-10 15:48:29 | INFO     | AI_FACE_PLATFORM | Database initialized.
2026-08-10 15:48:29 | INFO     | AI_FACE_PLATFORM | ============================================================
2026-08-10 15:48:29 | INFO     | AI_FACE_PLATFORM | Loading AI Models...
2026-08-10 15:48:29 | INFO     | AI_FACE_PLATFORM | ============================================================
2026-08-10 15:48:29 | INFO     | AI_FACE_PLATFORM | Loading SCRFD Model: scrfd_500m_bnkps.onnx
2026-08-10 15:48:29 | INFO     | AI_FACE_PLATFORM | SCRFD model loaded successfully.
2026-08-10 15:48:29 | INFO     | AI_FACE_PLATFORM | Loading ArcFace Model: w600k_r50.onnx
2026-08-10 15:48:29 | INFO     | AI_FACE_PLATFORM | ArcFace model loaded successfully.
2026-08-10 15:48:29 | INFO     | AI_FACE_PLATFORM | ============================================================
2026-08-10 15:48:30 | INFO     | AI_FACE_PLATFORM | AI Models Loaded Successfully.
2026-08-10 15:48:30 | INFO     | AI_FACE_PLATFORM | ============================================================
2026-08-10 15:48:30 | INFO     | AI_FACE_PLATFORM | AI models loaded.
2026-08-10 15:48:30 | INFO     | AI_FACE_PLATFORM | Application started successfully.
2026-08-10 15:49:18 | INFO     | AI_FACE_PLATFORM | ============================================================
2026-08-10 15:49:18 | INFO     | AI_FACE_PLATFORM | Shutting down AI Face Platform...
2026-08-10 15:49:18 | INFO     | AI_FACE_PLATFORM | ============================================================
2026-08-10 15:49:19 | INFO     | AI_FACE_PLATFORM | ============================================================
2026-08-10 15:49:19 | INFO     | AI_FACE_PLATFORM | Shutting down AI Face Platform...
2026-08-10 15:49:19 | INFO     | AI_FACE_PLATFORM | ============================================================
2026-08-10 15:49:22 | INFO     | AI_FACE_PLATFORM | SCRFD detector initialized successfully.
2026-08-10 15:49:22 | INFO     | AI_FACE_PLATFORM | ============================================================
2026-08-10 15:49:22 | INFO     | AI_FACE_PLATFORM | Starting AI Face Platform...
2026-08-10 15:49:22 | INFO     | AI_FACE_PLATFORM | ============================================================
2026-08-10 15:49:22 | INFO     | AI_FACE_PLATFORM | Database initialized.
2026-08-10 15:49:22 | INFO     | AI_FACE_PLATFORM | ============================================================
2026-08-10 15:49:22 | INFO     | AI_FACE_PLATFORM | Loading AI Models...
2026-08-10 15:49:22 | INFO     | AI_FACE_PLATFORM | ============================================================
2026-08-10 15:49:22 | INFO     | AI_FACE_PLATFORM | Loading SCRFD Model: scrfd_500m_bnkps.onnx
2026-08-10 15:49:22 | INFO     | AI_FACE_PLATFORM | SCRFD model loaded successfully.
2026-08-10 15:49:22 | INFO     | AI_FACE_PLATFORM | Loading ArcFace Model: w600k_r50.onnx
2026-08-10 15:49:23 | INFO     | AI_FACE_PLATFORM | ArcFace model loaded successfully.
2026-08-10 15:49:23 | INFO     | AI_FACE_PLATFORM | ============================================================
2026-08-10 15:49:23 | INFO     | AI_FACE_PLATFORM | AI Models Loaded Successfully.
2026-08-10 15:49:23 | INFO     | AI_FACE_PLATFORM | ============================================================
2026-08-10 15:49:23 | INFO     | AI_FACE_PLATFORM | AI models loaded.
2026-08-10 15:49:23 | INFO     | AI_FACE_PLATFORM | Application started successfully.
2026-08-10 15:49:23 | INFO     | AI_FACE_PLATFORM | SCRFD detector initialized successfully.
2026-08-10 15:49:23 | INFO     | AI_FACE_PLATFORM | ============================================================
2026-08-10 15:49:23 | INFO     | AI_FACE_PLATFORM | Starting AI Face Platform...
2026-08-10 15:49:23 | INFO     | AI_FACE_PLATFORM | ============================================================
2026-08-10 15:49:23 | INFO     | AI_FACE_PLATFORM | Database initialized.
2026-08-10 15:49:23 | INFO     | AI_FACE_PLATFORM | ============================================================
2026-08-10 15:49:23 | INFO     | AI_FACE_PLATFORM | Loading AI Models...
2026-08-10 15:49:23 | INFO     | AI_FACE_PLATFORM | ============================================================
2026-08-10 15:49:23 | INFO     | AI_FACE_PLATFORM | Loading SCRFD Model: scrfd_500m_bnkps.onnx
2026-08-10 15:49:23 | INFO     | AI_FACE_PLATFORM | SCRFD model loaded successfully.
2026-08-10 15:49:23 | INFO     | AI_FACE_PLATFORM | Loading ArcFace Model: w600k_r50.onnx
2026-08-10 15:49:24 | INFO     | AI_FACE_PLATFORM | ArcFace model loaded successfully.
2026-08-10 15:49:24 | INFO     | AI_FACE_PLATFORM | ============================================================
2026-08-10 15:49:24 | INFO     | AI_FACE_PLATFORM | AI Models Loaded Successfully.
2026-08-10 15:49:24 | INFO     | AI_FACE_PLATFORM | ============================================================
2026-08-10 15:49:24 | INFO     | AI_FACE_PLATFORM | AI models loaded.
2026-08-10 15:49:24 | INFO     | AI_FACE_PLATFORM | Application started successfully.
2026-08-10 15:51:14 | INFO     | AI_FACE_PLATFORM | Initializing SCRFD detector...
2026-08-10 15:51:14 | INFO     | AI_FACE_PLATFORM | FaceDetectionService initialized.
2026-08-10 15:51:14 | INFO     | AI_FACE_PLATFORM | FaceAlignmentService initialized.
2026-08-10 15:51:14 | INFO     | AI_FACE_PLATFORM | EmbeddingInference initialized.
2026-08-10 15:51:14 | INFO     | AI_FACE_PLATFORM | EmbeddingService initialized.
2026-08-10 15:51:14 | INFO     | AI_FACE_PLATFORM | SimilarityService initialized.
2026-08-10 15:51:14 | INFO     | AI_FACE_PLATFORM | RecognitionService initialized.
2026-08-10 15:53:30 | INFO     | AI_FACE_PLATFORM | ============================================================
2026-08-10 15:53:30 | INFO     | AI_FACE_PLATFORM | Shutting down AI Face Platform...
2026-08-10 15:53:30 | INFO     | AI_FACE_PLATFORM | ============================================================
2026-08-10 15:53:31 | INFO     | AI_FACE_PLATFORM | ============================================================
2026-08-10 15:53:31 | INFO     | AI_FACE_PLATFORM | Shutting down AI Face Platform...
2026-08-10 15:53:31 | INFO     | AI_FACE_PLATFORM | ============================================================
2026-08-10 15:53:34 | INFO     | AI_FACE_PLATFORM | SCRFD detector initialized successfully.
2026-08-10 15:53:34 | INFO     | AI_FACE_PLATFORM | ============================================================
2026-08-10 15:53:34 | INFO     | AI_FACE_PLATFORM | Starting AI Face Platform...
2026-08-10 15:53:34 | INFO     | AI_FACE_PLATFORM | ============================================================
2026-08-10 15:53:34 | INFO     | AI_FACE_PLATFORM | Database initialized.
2026-08-10 15:53:34 | INFO     | AI_FACE_PLATFORM | ============================================================
2026-08-10 15:53:34 | INFO     | AI_FACE_PLATFORM | Loading AI Models...
2026-08-10 15:53:34 | INFO     | AI_FACE_PLATFORM | ============================================================
2026-08-10 15:53:34 | INFO     | AI_FACE_PLATFORM | Loading SCRFD Model: scrfd_500m_bnkps.onnx
2026-08-10 15:53:34 | INFO     | AI_FACE_PLATFORM | SCRFD model loaded successfully.
2026-08-10 15:53:34 | INFO     | AI_FACE_PLATFORM | Loading ArcFace Model: w600k_r50.onnx
2026-08-10 15:53:35 | INFO     | AI_FACE_PLATFORM | ArcFace model loaded successfully.
2026-08-10 15:53:35 | INFO     | AI_FACE_PLATFORM | ============================================================
2026-08-10 15:53:35 | INFO     | AI_FACE_PLATFORM | AI Models Loaded Successfully.
2026-08-10 15:53:35 | INFO     | AI_FACE_PLATFORM | ============================================================
2026-08-10 15:53:35 | INFO     | AI_FACE_PLATFORM | AI models loaded.
2026-08-10 15:53:35 | INFO     | AI_FACE_PLATFORM | Application started successfully.
2026-08-10 15:53:35 | INFO     | AI_FACE_PLATFORM | SCRFD detector initialized successfully.
2026-08-10 15:53:35 | INFO     | AI_FACE_PLATFORM | ============================================================
2026-08-10 15:53:35 | INFO     | AI_FACE_PLATFORM | Starting AI Face Platform...
2026-08-10 15:53:35 | INFO     | AI_FACE_PLATFORM | ============================================================
2026-08-10 15:53:35 | INFO     | AI_FACE_PLATFORM | Database initialized.
2026-08-10 15:53:35 | INFO     | AI_FACE_PLATFORM | ============================================================
2026-08-10 15:53:35 | INFO     | AI_FACE_PLATFORM | Loading AI Models...
2026-08-10 15:53:35 | INFO     | AI_FACE_PLATFORM | ============================================================
2026-08-10 15:53:35 | INFO     | AI_FACE_PLATFORM | Loading SCRFD Model: scrfd_500m_bnkps.onnx
2026-08-10 15:53:35 | INFO     | AI_FACE_PLATFORM | SCRFD model loaded successfully.
2026-08-10 15:53:35 | INFO     | AI_FACE_PLATFORM | Loading ArcFace Model: w600k_r50.onnx
2026-08-10 15:53:36 | INFO     | AI_FACE_PLATFORM | ArcFace model loaded successfully.
2026-08-10 15:53:36 | INFO     | AI_FACE_PLATFORM | ============================================================
2026-08-10 15:53:36 | INFO     | AI_FACE_PLATFORM | AI Models Loaded Successfully.
2026-08-10 15:53:36 | INFO     | AI_FACE_PLATFORM | ============================================================
2026-08-10 15:53:36 | INFO     | AI_FACE_PLATFORM | AI models loaded.
2026-08-10 15:53:36 | INFO     | AI_FACE_PLATFORM | Application started successfully.
2026-08-10 15:53:48 | INFO     | AI_FACE_PLATFORM | ============================================================
2026-08-10 15:53:48 | INFO     | AI_FACE_PLATFORM | Shutting down AI Face Platform...
2026-08-10 15:53:48 | INFO     | AI_FACE_PLATFORM | ============================================================
2026-08-10 15:53:49 | INFO     | AI_FACE_PLATFORM | ============================================================
2026-08-10 15:53:49 | INFO     | AI_FACE_PLATFORM | Shutting down AI Face Platform...
2026-08-10 15:53:49 | INFO     | AI_FACE_PLATFORM | ============================================================
2026-08-10 15:53:55 | INFO     | AI_FACE_PLATFORM | SCRFD detector initialized successfully.
2026-08-10 15:53:56 | INFO     | AI_FACE_PLATFORM | SCRFD detector initialized successfully.
2026-08-10 15:57:01 | INFO     | AI_FACE_PLATFORM | SCRFD detector initialized successfully.
2026-08-10 15:57:02 | INFO     | AI_FACE_PLATFORM | ============================================================
2026-08-10 15:57:02 | INFO     | AI_FACE_PLATFORM | Starting AI Face Platform...
2026-08-10 15:57:02 | INFO     | AI_FACE_PLATFORM | ============================================================
2026-08-10 15:57:02 | INFO     | AI_FACE_PLATFORM | Database initialized.
2026-08-10 15:57:02 | INFO     | AI_FACE_PLATFORM | ============================================================
2026-08-10 15:57:02 | INFO     | AI_FACE_PLATFORM | Loading AI Models...
2026-08-10 15:57:02 | INFO     | AI_FACE_PLATFORM | ============================================================
2026-08-10 15:57:02 | INFO     | AI_FACE_PLATFORM | Loading SCRFD Model: scrfd_500m_bnkps.onnx
2026-08-10 15:57:02 | INFO     | AI_FACE_PLATFORM | SCRFD model loaded successfully.
2026-08-10 15:57:02 | INFO     | AI_FACE_PLATFORM | Loading ArcFace Model: w600k_r50.onnx
2026-08-10 15:57:02 | INFO     | AI_FACE_PLATFORM | ArcFace model loaded successfully.
2026-08-10 15:57:02 | INFO     | AI_FACE_PLATFORM | ============================================================
2026-08-10 15:57:02 | INFO     | AI_FACE_PLATFORM | AI Models Loaded Successfully.
2026-08-10 15:57:02 | INFO     | AI_FACE_PLATFORM | ============================================================
2026-08-10 15:57:02 | INFO     | AI_FACE_PLATFORM | AI models loaded.
2026-08-10 15:57:02 | INFO     | AI_FACE_PLATFORM | Application started successfully.
2026-08-10 15:57:03 | INFO     | AI_FACE_PLATFORM | SCRFD detector initialized successfully.
2026-08-10 15:57:03 | INFO     | AI_FACE_PLATFORM | ============================================================
2026-08-10 15:57:03 | INFO     | AI_FACE_PLATFORM | Starting AI Face Platform...
2026-08-10 15:57:03 | INFO     | AI_FACE_PLATFORM | ============================================================
2026-08-10 15:57:03 | INFO     | AI_FACE_PLATFORM | Database initialized.
2026-08-10 15:57:03 | INFO     | AI_FACE_PLATFORM | ============================================================
2026-08-10 15:57:03 | INFO     | AI_FACE_PLATFORM | Loading AI Models...
2026-08-10 15:57:03 | INFO     | AI_FACE_PLATFORM | ============================================================
2026-08-10 15:57:03 | INFO     | AI_FACE_PLATFORM | Loading SCRFD Model: scrfd_500m_bnkps.onnx
2026-08-10 15:57:03 | INFO     | AI_FACE_PLATFORM | SCRFD model loaded successfully.
2026-08-10 15:57:03 | INFO     | AI_FACE_PLATFORM | Loading ArcFace Model: w600k_r50.onnx
2026-08-10 15:57:03 | INFO     | AI_FACE_PLATFORM | ArcFace model loaded successfully.
2026-08-10 15:57:03 | INFO     | AI_FACE_PLATFORM | ============================================================
2026-08-10 15:57:03 | INFO     | AI_FACE_PLATFORM | AI Models Loaded Successfully.
2026-08-10 15:57:03 | INFO     | AI_FACE_PLATFORM | ============================================================
2026-08-10 15:57:03 | INFO     | AI_FACE_PLATFORM | AI models loaded.
2026-08-10 15:57:03 | INFO     | AI_FACE_PLATFORM | Application started successfully.
2026-08-10 15:57:11 | INFO     | AI_FACE_PLATFORM | Initializing SCRFD detector...
2026-08-10 15:57:11 | INFO     | AI_FACE_PLATFORM | FaceDetectionService initialized.
2026-08-10 15:57:11 | INFO     | AI_FACE_PLATFORM | FaceAlignmentService initialized.
2026-08-10 15:57:11 | INFO     | AI_FACE_PLATFORM | EmbeddingInference initialized.
2026-08-10 15:57:11 | INFO     | AI_FACE_PLATFORM | EmbeddingService initialized.
2026-08-10 15:57:11 | INFO     | AI_FACE_PLATFORM | SimilarityService initialized.
2026-08-10 15:57:11 | INFO     | AI_FACE_PLATFORM | RecognitionService initialized.
2026-08-10 15:57:22 | INFO     | AI_FACE_PLATFORM | ============================================================
2026-08-10 15:57:22 | INFO     | AI_FACE_PLATFORM | Shutting down AI Face Platform...
2026-08-10 15:57:22 | INFO     | AI_FACE_PLATFORM | ============================================================
2026-08-10 15:57:56 | INFO     | AI_FACE_PLATFORM | SCRFD detector initialized successfully.
2026-08-10 15:57:56 | INFO     | AI_FACE_PLATFORM | ============================================================
2026-08-10 15:57:56 | INFO     | AI_FACE_PLATFORM | Starting AI Face Platform...
2026-08-10 15:57:56 | INFO     | AI_FACE_PLATFORM | ============================================================
2026-08-10 15:57:57 | INFO     | AI_FACE_PLATFORM | Database initialized.
2026-08-10 15:57:57 | INFO     | AI_FACE_PLATFORM | ============================================================
2026-08-10 15:57:57 | INFO     | AI_FACE_PLATFORM | Loading AI Models...
2026-08-10 15:57:57 | INFO     | AI_FACE_PLATFORM | ============================================================
2026-08-10 15:57:57 | INFO     | AI_FACE_PLATFORM | Loading SCRFD Model: scrfd_500m_bnkps.onnx
2026-08-10 15:57:57 | INFO     | AI_FACE_PLATFORM | SCRFD model loaded successfully.
2026-08-10 15:57:57 | INFO     | AI_FACE_PLATFORM | Loading ArcFace Model: w600k_r50.onnx
2026-08-10 15:57:57 | INFO     | AI_FACE_PLATFORM | ArcFace model loaded successfully.
2026-08-10 15:57:57 | INFO     | AI_FACE_PLATFORM | ============================================================
2026-08-10 15:57:57 | INFO     | AI_FACE_PLATFORM | AI Models Loaded Successfully.
2026-08-10 15:57:57 | INFO     | AI_FACE_PLATFORM | ============================================================
2026-08-10 15:57:57 | INFO     | AI_FACE_PLATFORM | AI models loaded.
2026-08-10 15:57:57 | INFO     | AI_FACE_PLATFORM | Application started successfully.
2026-08-10 15:58:30 | INFO     | AI_FACE_PLATFORM | Initializing SCRFD detector...
2026-08-10 15:58:30 | INFO     | AI_FACE_PLATFORM | FaceDetectionService initialized.
2026-08-10 15:58:30 | INFO     | AI_FACE_PLATFORM | FaceAlignmentService initialized.
2026-08-10 15:58:30 | INFO     | AI_FACE_PLATFORM | EmbeddingInference initialized.
2026-08-10 15:58:30 | INFO     | AI_FACE_PLATFORM | EmbeddingService initialized.
2026-08-10 15:58:30 | INFO     | AI_FACE_PLATFORM | SimilarityService initialized.
2026-08-10 15:58:30 | INFO     | AI_FACE_PLATFORM | RecognitionService initialized.
2026-08-10 16:40:25 | INFO     | AI_FACE_PLATFORM | ============================================================
2026-08-10 16:40:25 | INFO     | AI_FACE_PLATFORM | Shutting down AI Face Platform...
2026-08-10 16:40:25 | INFO     | AI_FACE_PLATFORM | ============================================================
2026-08-10 16:40:25 | INFO     | AI_FACE_PLATFORM | ============================================================
2026-08-10 16:40:25 | INFO     | AI_FACE_PLATFORM | Shutting down AI Face Platform...
2026-08-10 16:40:25 | INFO     | AI_FACE_PLATFORM | ============================================================
2026-08-10 16:40:28 | INFO     | AI_FACE_PLATFORM | SCRFD detector initialized successfully.
2026-08-10 16:40:29 | INFO     | AI_FACE_PLATFORM | ============================================================
2026-08-10 16:40:29 | INFO     | AI_FACE_PLATFORM | Starting AI Face Platform...
2026-08-10 16:40:29 | INFO     | AI_FACE_PLATFORM | ============================================================
2026-08-10 16:40:29 | INFO     | AI_FACE_PLATFORM | Database initialized.
2026-08-10 16:40:29 | INFO     | AI_FACE_PLATFORM | ============================================================
2026-08-10 16:40:29 | INFO     | AI_FACE_PLATFORM | Loading AI Models...
2026-08-10 16:40:29 | INFO     | AI_FACE_PLATFORM | ============================================================
2026-08-10 16:40:29 | INFO     | AI_FACE_PLATFORM | Loading SCRFD Model: scrfd_500m_bnkps.onnx
2026-08-10 16:40:29 | INFO     | AI_FACE_PLATFORM | SCRFD model loaded successfully.
2026-08-10 16:40:29 | INFO     | AI_FACE_PLATFORM | Loading ArcFace Model: w600k_r50.onnx
2026-08-10 16:40:29 | INFO     | AI_FACE_PLATFORM | ArcFace model loaded successfully.
2026-08-10 16:40:29 | INFO     | AI_FACE_PLATFORM | ============================================================
2026-08-10 16:40:29 | INFO     | AI_FACE_PLATFORM | AI Models Loaded Successfully.
2026-08-10 16:40:29 | INFO     | AI_FACE_PLATFORM | ============================================================
2026-08-10 16:40:29 | INFO     | AI_FACE_PLATFORM | AI models loaded.
2026-08-10 16:40:29 | INFO     | AI_FACE_PLATFORM | Application started successfully.
2026-08-10 16:40:29 | INFO     | AI_FACE_PLATFORM | SCRFD detector initialized successfully.
2026-08-10 16:40:29 | INFO     | AI_FACE_PLATFORM | ============================================================
2026-08-10 16:40:29 | INFO     | AI_FACE_PLATFORM | Starting AI Face Platform...
2026-08-10 16:40:29 | INFO     | AI_FACE_PLATFORM | ============================================================
2026-08-10 16:40:30 | INFO     | AI_FACE_PLATFORM | Database initialized.
2026-08-10 16:40:30 | INFO     | AI_FACE_PLATFORM | ============================================================
2026-08-10 16:40:30 | INFO     | AI_FACE_PLATFORM | Loading AI Models...
2026-08-10 16:40:30 | INFO     | AI_FACE_PLATFORM | ============================================================
2026-08-10 16:40:30 | INFO     | AI_FACE_PLATFORM | Loading SCRFD Model: scrfd_500m_bnkps.onnx
2026-08-10 16:40:30 | INFO     | AI_FACE_PLATFORM | SCRFD model loaded successfully.
2026-08-10 16:40:30 | INFO     | AI_FACE_PLATFORM | Loading ArcFace Model: w600k_r50.onnx
2026-08-10 16:40:30 | INFO     | AI_FACE_PLATFORM | ArcFace model loaded successfully.
2026-08-10 16:40:30 | INFO     | AI_FACE_PLATFORM | ============================================================
2026-08-10 16:40:30 | INFO     | AI_FACE_PLATFORM | AI Models Loaded Successfully.
2026-08-10 16:40:30 | INFO     | AI_FACE_PLATFORM | ============================================================
2026-08-10 16:40:30 | INFO     | AI_FACE_PLATFORM | AI models loaded.
2026-08-10 16:40:30 | INFO     | AI_FACE_PLATFORM | Application started successfully.
2026-08-10 16:40:50 | INFO     | AI_FACE_PLATFORM | Initializing SCRFD detector...
2026-08-10 16:40:50 | INFO     | AI_FACE_PLATFORM | FaceDetectionService initialized.
2026-08-10 16:40:50 | INFO     | AI_FACE_PLATFORM | FaceAlignmentService initialized.
2026-08-10 16:40:50 | INFO     | AI_FACE_PLATFORM | EmbeddingInference initialized.
2026-08-10 16:40:50 | INFO     | AI_FACE_PLATFORM | EmbeddingService initialized.
2026-08-10 16:40:50 | INFO     | AI_FACE_PLATFORM | SimilarityService initialized.
2026-08-10 16:40:50 | INFO     | AI_FACE_PLATFORM | RecognitionService initialized.
2026-08-10 16:41:12 | INFO     | AI_FACE_PLATFORM | Initializing SCRFD detector...
2026-08-10 16:41:12 | INFO     | AI_FACE_PLATFORM | FaceDetectionService initialized.
2026-08-10 16:41:12 | INFO     | AI_FACE_PLATFORM | FaceAlignmentService initialized.
2026-08-10 16:41:12 | INFO     | AI_FACE_PLATFORM | EmbeddingInference initialized.
2026-08-10 16:41:12 | INFO     | AI_FACE_PLATFORM | EmbeddingService initialized.
2026-08-10 16:41:12 | INFO     | AI_FACE_PLATFORM | SimilarityService initialized.
2026-08-10 16:41:12 | INFO     | AI_FACE_PLATFORM | RecognitionService initialized.
2026-08-10 16:45:52 | INFO     | AI_FACE_PLATFORM | ============================================================
2026-08-10 16:45:52 | INFO     | AI_FACE_PLATFORM | Shutting down AI Face Platform...
2026-08-10 16:45:52 | INFO     | AI_FACE_PLATFORM | ============================================================
2026-08-10 16:45:53 | INFO     | AI_FACE_PLATFORM | ============================================================
2026-08-10 16:45:53 | INFO     | AI_FACE_PLATFORM | Shutting down AI Face Platform...
2026-08-10 16:45:53 | INFO     | AI_FACE_PLATFORM | ============================================================
2026-08-10 16:46:02 | INFO     | AI_FACE_PLATFORM | SCRFD detector initialized successfully.
2026-08-10 16:46:02 | INFO     | AI_FACE_PLATFORM | ============================================================
2026-08-10 16:46:02 | INFO     | AI_FACE_PLATFORM | Starting AI Face Platform...
2026-08-10 16:46:02 | INFO     | AI_FACE_PLATFORM | ============================================================
2026-08-10 16:46:02 | INFO     | AI_FACE_PLATFORM | SCRFD detector initialized successfully.
2026-08-10 16:46:02 | INFO     | AI_FACE_PLATFORM | Database initialized.
2026-08-10 16:46:02 | INFO     | AI_FACE_PLATFORM | ============================================================
2026-08-10 16:46:02 | INFO     | AI_FACE_PLATFORM | Loading AI Models...
2026-08-10 16:46:02 | INFO     | AI_FACE_PLATFORM | ============================================================
2026-08-10 16:46:02 | INFO     | AI_FACE_PLATFORM | Loading SCRFD Model: scrfd_500m_bnkps.onnx
2026-08-10 16:46:02 | INFO     | AI_FACE_PLATFORM | SCRFD model loaded successfully.
2026-08-10 16:46:02 | INFO     | AI_FACE_PLATFORM | Loading ArcFace Model: w600k_r50.onnx
2026-08-10 16:46:02 | INFO     | AI_FACE_PLATFORM | ============================================================
2026-08-10 16:46:02 | INFO     | AI_FACE_PLATFORM | Starting AI Face Platform...
2026-08-10 16:46:02 | INFO     | AI_FACE_PLATFORM | ============================================================
2026-08-10 16:46:02 | INFO     | AI_FACE_PLATFORM | Database initialized.
2026-08-10 16:46:02 | INFO     | AI_FACE_PLATFORM | ============================================================
2026-08-10 16:46:02 | INFO     | AI_FACE_PLATFORM | Loading AI Models...
2026-08-10 16:46:02 | INFO     | AI_FACE_PLATFORM | ============================================================
2026-08-10 16:46:02 | INFO     | AI_FACE_PLATFORM | Loading SCRFD Model: scrfd_500m_bnkps.onnx
2026-08-10 16:46:02 | INFO     | AI_FACE_PLATFORM | SCRFD model loaded successfully.
2026-08-10 16:46:03 | INFO     | AI_FACE_PLATFORM | Loading ArcFace Model: w600k_r50.onnx
2026-08-10 16:46:03 | INFO     | AI_FACE_PLATFORM | ArcFace model loaded successfully.
2026-08-10 16:46:03 | INFO     | AI_FACE_PLATFORM | ============================================================
2026-08-10 16:46:03 | INFO     | AI_FACE_PLATFORM | AI Models Loaded Successfully.
2026-08-10 16:46:03 | INFO     | AI_FACE_PLATFORM | ============================================================
2026-08-10 16:46:03 | INFO     | AI_FACE_PLATFORM | AI models loaded.
2026-08-10 16:46:03 | INFO     | AI_FACE_PLATFORM | Application started successfully.
2026-08-10 16:46:03 | INFO     | AI_FACE_PLATFORM | ArcFace model loaded successfully.
2026-08-10 16:46:03 | INFO     | AI_FACE_PLATFORM | ============================================================
2026-08-10 16:46:03 | INFO     | AI_FACE_PLATFORM | AI Models Loaded Successfully.
2026-08-10 16:46:03 | INFO     | AI_FACE_PLATFORM | ============================================================
2026-08-10 16:46:03 | INFO     | AI_FACE_PLATFORM | AI models loaded.
2026-08-10 16:46:03 | INFO     | AI_FACE_PLATFORM | Application started successfully.
2026-08-10 16:46:51 | INFO     | AI_FACE_PLATFORM | Initializing SCRFD detector...
2026-08-10 16:46:51 | INFO     | AI_FACE_PLATFORM | FaceDetectionService initialized.
2026-08-10 16:46:51 | INFO     | AI_FACE_PLATFORM | FaceAlignmentService initialized.
2026-08-10 16:46:51 | INFO     | AI_FACE_PLATFORM | EmbeddingInference initialized.
2026-08-10 16:46:51 | INFO     | AI_FACE_PLATFORM | EmbeddingService initialized.
2026-08-10 16:46:51 | INFO     | AI_FACE_PLATFORM | SimilarityService initialized.
2026-08-10 16:46:51 | INFO     | AI_FACE_PLATFORM | RecognitionService initialized.
2026-08-10 16:46:51 | INFO     | AI_FACE_PLATFORM | Starting employee face verification: employee_id=3
2026-08-10 16:46:51 | INFO     | AI_FACE_PLATFORM | Face verification: employee_id=3 similarity=0.8208 threshold=0.6200 verified=True
2026-08-10 16:50:19 | INFO     | AI_FACE_PLATFORM | ============================================================
2026-08-10 16:50:19 | INFO     | AI_FACE_PLATFORM | Shutting down AI Face Platform...
2026-08-10 16:50:19 | INFO     | AI_FACE_PLATFORM | ============================================================
2026-08-10 16:50:19 | INFO     | AI_FACE_PLATFORM | ============================================================
2026-08-10 16:50:19 | INFO     | AI_FACE_PLATFORM | Shutting down AI Face Platform...
2026-08-10 16:50:19 | INFO     | AI_FACE_PLATFORM | ============================================================
2026-08-10 16:50:23 | INFO     | AI_FACE_PLATFORM | SCRFD detector initialized successfully.
2026-08-10 16:50:23 | INFO     | AI_FACE_PLATFORM | SCRFD detector initialized successfully.
2026-08-10 16:50:23 | INFO     | AI_FACE_PLATFORM | ============================================================
2026-08-10 16:50:23 | INFO     | AI_FACE_PLATFORM | Starting AI Face Platform...
2026-08-10 16:50:23 | INFO     | AI_FACE_PLATFORM | ============================================================
2026-08-10 16:50:23 | INFO     | AI_FACE_PLATFORM | ============================================================
2026-08-10 16:50:23 | INFO     | AI_FACE_PLATFORM | Starting AI Face Platform...
2026-08-10 16:50:23 | INFO     | AI_FACE_PLATFORM | ============================================================
2026-08-10 16:50:23 | INFO     | AI_FACE_PLATFORM | Database initialized.
2026-08-10 16:50:23 | INFO     | AI_FACE_PLATFORM | ============================================================
2026-08-10 16:50:23 | INFO     | AI_FACE_PLATFORM | Database initialized.
2026-08-10 16:50:23 | INFO     | AI_FACE_PLATFORM | Loading AI Models...
2026-08-10 16:50:23 | INFO     | AI_FACE_PLATFORM | ============================================================
2026-08-10 16:50:23 | INFO     | AI_FACE_PLATFORM | ============================================================
2026-08-10 16:50:23 | INFO     | AI_FACE_PLATFORM | Loading AI Models...
2026-08-10 16:50:23 | INFO     | AI_FACE_PLATFORM | Loading SCRFD Model: scrfd_500m_bnkps.onnx
2026-08-10 16:50:23 | INFO     | AI_FACE_PLATFORM | ============================================================
2026-08-10 16:50:23 | INFO     | AI_FACE_PLATFORM | Loading SCRFD Model: scrfd_500m_bnkps.onnx
2026-08-10 16:50:23 | INFO     | AI_FACE_PLATFORM | SCRFD model loaded successfully.
2026-08-10 16:50:23 | INFO     | AI_FACE_PLATFORM | Loading ArcFace Model: w600k_r50.onnx
2026-08-10 16:50:23 | INFO     | AI_FACE_PLATFORM | SCRFD model loaded successfully.
2026-08-10 16:50:23 | INFO     | AI_FACE_PLATFORM | Loading ArcFace Model: w600k_r50.onnx
2026-08-10 16:50:24 | INFO     | AI_FACE_PLATFORM | ArcFace model loaded successfully.
2026-08-10 16:50:24 | INFO     | AI_FACE_PLATFORM | ============================================================
2026-08-10 16:50:24 | INFO     | AI_FACE_PLATFORM | AI Models Loaded Successfully.
2026-08-10 16:50:24 | INFO     | AI_FACE_PLATFORM | ============================================================
2026-08-10 16:50:24 | INFO     | AI_FACE_PLATFORM | AI models loaded.
2026-08-10 16:50:24 | INFO     | AI_FACE_PLATFORM | Application started successfully.
2026-08-10 16:50:24 | INFO     | AI_FACE_PLATFORM | ArcFace model loaded successfully.
2026-08-10 16:50:24 | INFO     | AI_FACE_PLATFORM | ============================================================
2026-08-10 16:50:24 | INFO     | AI_FACE_PLATFORM | AI Models Loaded Successfully.
2026-08-10 16:50:24 | INFO     | AI_FACE_PLATFORM | ============================================================
2026-08-10 16:50:24 | INFO     | AI_FACE_PLATFORM | AI models loaded.
2026-08-10 16:50:24 | INFO     | AI_FACE_PLATFORM | Application started successfully.
2026-08-10 16:50:37 | INFO     | AI_FACE_PLATFORM | Initializing SCRFD detector...
2026-08-10 16:50:37 | INFO     | AI_FACE_PLATFORM | FaceDetectionService initialized.
2026-08-10 16:50:37 | INFO     | AI_FACE_PLATFORM | FaceAlignmentService initialized.
2026-08-10 16:50:37 | INFO     | AI_FACE_PLATFORM | EmbeddingInference initialized.
2026-08-10 16:50:37 | INFO     | AI_FACE_PLATFORM | EmbeddingService initialized.
2026-08-10 16:50:37 | INFO     | AI_FACE_PLATFORM | SimilarityService initialized.
2026-08-10 16:50:37 | INFO     | AI_FACE_PLATFORM | RecognitionService initialized.
2026-08-10 16:50:37 | INFO     | AI_FACE_PLATFORM | Starting employee face verification: employee_id=4
2026-08-10 16:51:09 | INFO     | AI_FACE_PLATFORM | ============================================================
2026-08-10 16:51:09 | INFO     | AI_FACE_PLATFORM | Shutting down AI Face Platform...
2026-08-10 16:51:09 | INFO     | AI_FACE_PLATFORM | ============================================================
2026-08-10 16:51:23 | INFO     | AI_FACE_PLATFORM | SCRFD detector initialized successfully.
2026-08-10 16:51:23 | INFO     | AI_FACE_PLATFORM | ============================================================
2026-08-10 16:51:23 | INFO     | AI_FACE_PLATFORM | Starting AI Face Platform...
2026-08-10 16:51:23 | INFO     | AI_FACE_PLATFORM | ============================================================
2026-08-10 16:51:23 | INFO     | AI_FACE_PLATFORM | Database initialized.
2026-08-10 16:51:23 | INFO     | AI_FACE_PLATFORM | ============================================================
2026-08-10 16:51:23 | INFO     | AI_FACE_PLATFORM | Loading AI Models...
2026-08-10 16:51:23 | INFO     | AI_FACE_PLATFORM | ============================================================
2026-08-10 16:51:23 | INFO     | AI_FACE_PLATFORM | Loading SCRFD Model: scrfd_500m_bnkps.onnx
2026-08-10 16:51:23 | INFO     | AI_FACE_PLATFORM | SCRFD model loaded successfully.
2026-08-10 16:51:23 | INFO     | AI_FACE_PLATFORM | Loading ArcFace Model: w600k_r50.onnx
2026-08-10 16:51:24 | INFO     | AI_FACE_PLATFORM | ArcFace model loaded successfully.
2026-08-10 16:51:24 | INFO     | AI_FACE_PLATFORM | ============================================================
2026-08-10 16:51:24 | INFO     | AI_FACE_PLATFORM | AI Models Loaded Successfully.
2026-08-10 16:51:24 | INFO     | AI_FACE_PLATFORM | ============================================================
2026-08-10 16:51:24 | INFO     | AI_FACE_PLATFORM | AI models loaded.
2026-08-10 16:51:24 | INFO     | AI_FACE_PLATFORM | Application started successfully.
2026-08-10 16:51:56 | INFO     | AI_FACE_PLATFORM | Initializing SCRFD detector...
2026-08-10 16:51:56 | INFO     | AI_FACE_PLATFORM | FaceDetectionService initialized.
2026-08-10 16:51:56 | INFO     | AI_FACE_PLATFORM | FaceAlignmentService initialized.
2026-08-10 16:51:56 | INFO     | AI_FACE_PLATFORM | EmbeddingInference initialized.
2026-08-10 16:51:56 | INFO     | AI_FACE_PLATFORM | EmbeddingService initialized.
2026-08-10 16:51:56 | INFO     | AI_FACE_PLATFORM | SimilarityService initialized.
2026-08-10 16:51:56 | INFO     | AI_FACE_PLATFORM | RecognitionService initialized.
2026-08-10 16:51:56 | INFO     | AI_FACE_PLATFORM | Starting employee face verification: employee_id=4
2026-08-10 16:52:30 | INFO     | AI_FACE_PLATFORM | Initializing SCRFD detector...
2026-08-10 16:52:30 | INFO     | AI_FACE_PLATFORM | FaceDetectionService initialized.
2026-08-10 16:52:30 | INFO     | AI_FACE_PLATFORM | FaceAlignmentService initialized.
2026-08-10 16:52:30 | INFO     | AI_FACE_PLATFORM | EmbeddingInference initialized.
2026-08-10 16:52:30 | INFO     | AI_FACE_PLATFORM | EmbeddingService initialized.
2026-08-10 16:52:30 | INFO     | AI_FACE_PLATFORM | SimilarityService initialized.
2026-08-10 16:52:30 | INFO     | AI_FACE_PLATFORM | RecognitionService initialized.
2026-08-10 16:52:30 | INFO     | AI_FACE_PLATFORM | Starting employee face verification: employee_id=4
2026-08-10 16:52:30 | INFO     | AI_FACE_PLATFORM | Face verification: employee_id=4 similarity=0.8391 threshold=0.6200 verified=True
2026-08-10 16:53:17 | INFO     | AI_FACE_PLATFORM | Initializing SCRFD detector...
2026-08-10 16:53:17 | INFO     | AI_FACE_PLATFORM | FaceDetectionService initialized.
2026-08-10 16:53:17 | INFO     | AI_FACE_PLATFORM | FaceAlignmentService initialized.
2026-08-10 16:53:17 | INFO     | AI_FACE_PLATFORM | EmbeddingInference initialized.
2026-08-10 16:53:17 | INFO     | AI_FACE_PLATFORM | EmbeddingService initialized.
2026-08-10 16:53:17 | INFO     | AI_FACE_PLATFORM | SimilarityService initialized.
2026-08-10 16:53:17 | INFO     | AI_FACE_PLATFORM | RecognitionService initialized.
2026-08-10 16:53:17 | INFO     | AI_FACE_PLATFORM | Starting employee face verification: employee_id=3
2026-08-10 16:53:17 | INFO     | AI_FACE_PLATFORM | Face verification: employee_id=3 similarity=0.8208 threshold=0.6200 verified=True
2026-08-10 16:56:27 | INFO     | AI_FACE_PLATFORM | Initializing SCRFD detector...
2026-08-10 16:56:28 | INFO     | AI_FACE_PLATFORM | FaceDetectionService initialized.
2026-08-10 16:56:28 | INFO     | AI_FACE_PLATFORM | FaceAlignmentService initialized.
2026-08-10 16:56:28 | INFO     | AI_FACE_PLATFORM | EmbeddingInference initialized.
2026-08-10 16:56:28 | INFO     | AI_FACE_PLATFORM | EmbeddingService initialized.
2026-08-10 16:56:28 | INFO     | AI_FACE_PLATFORM | SimilarityService initialized.
2026-08-10 16:56:28 | INFO     | AI_FACE_PLATFORM | RecognitionService initialized.
2026-08-10 16:56:28 | INFO     | AI_FACE_PLATFORM | Starting employee face verification: employee_id=3
2026-08-10 16:56:53 | INFO     | AI_FACE_PLATFORM | Initializing SCRFD detector...
2026-08-10 16:56:54 | INFO     | AI_FACE_PLATFORM | FaceDetectionService initialized.
2026-08-10 16:56:54 | INFO     | AI_FACE_PLATFORM | FaceAlignmentService initialized.
2026-08-10 16:56:54 | INFO     | AI_FACE_PLATFORM | EmbeddingInference initialized.
2026-08-10 16:56:54 | INFO     | AI_FACE_PLATFORM | EmbeddingService initialized.
2026-08-10 16:56:54 | INFO     | AI_FACE_PLATFORM | SimilarityService initialized.
2026-08-10 16:56:54 | INFO     | AI_FACE_PLATFORM | RecognitionService initialized.
2026-08-10 16:56:54 | INFO     | AI_FACE_PLATFORM | Starting employee face verification: employee_id=3
2026-08-10 16:56:54 | INFO     | AI_FACE_PLATFORM | Face verification: employee_id=3 similarity=0.0257 threshold=0.6200 verified=False
2026-08-10 17:01:29 | INFO     | AI_FACE_PLATFORM | ============================================================
2026-08-10 17:01:29 | INFO     | AI_FACE_PLATFORM | Shutting down AI Face Platform...
2026-08-10 17:01:29 | INFO     | AI_FACE_PLATFORM | ============================================================
2026-08-10 17:01:30 | INFO     | AI_FACE_PLATFORM | ============================================================
2026-08-10 17:01:30 | INFO     | AI_FACE_PLATFORM | Shutting down AI Face Platform...
2026-08-10 17:01:30 | INFO     | AI_FACE_PLATFORM | ============================================================
2026-08-10 17:01:33 | INFO     | AI_FACE_PLATFORM | SCRFD detector initialized successfully.
2026-08-10 17:01:33 | INFO     | AI_FACE_PLATFORM | ============================================================
2026-08-10 17:01:33 | INFO     | AI_FACE_PLATFORM | Starting AI Face Platform...
2026-08-10 17:01:33 | INFO     | AI_FACE_PLATFORM | ============================================================
2026-08-10 17:01:33 | INFO     | AI_FACE_PLATFORM | Database initialized.
2026-08-10 17:01:33 | INFO     | AI_FACE_PLATFORM | ============================================================
2026-08-10 17:01:33 | INFO     | AI_FACE_PLATFORM | Loading AI Models...
2026-08-10 17:01:33 | INFO     | AI_FACE_PLATFORM | ============================================================
2026-08-10 17:01:33 | INFO     | AI_FACE_PLATFORM | Loading SCRFD Model: scrfd_500m_bnkps.onnx
2026-08-10 17:01:33 | INFO     | AI_FACE_PLATFORM | SCRFD model loaded successfully.
2026-08-10 17:01:33 | INFO     | AI_FACE_PLATFORM | Loading ArcFace Model: w600k_r50.onnx
2026-08-10 17:01:33 | INFO     | AI_FACE_PLATFORM | ArcFace model loaded successfully.
2026-08-10 17:01:33 | INFO     | AI_FACE_PLATFORM | ============================================================
2026-08-10 17:01:33 | INFO     | AI_FACE_PLATFORM | AI Models Loaded Successfully.
2026-08-10 17:01:33 | INFO     | AI_FACE_PLATFORM | ============================================================
2026-08-10 17:01:33 | INFO     | AI_FACE_PLATFORM | AI models loaded.
2026-08-10 17:01:33 | INFO     | AI_FACE_PLATFORM | Application started successfully.
2026-08-10 17:01:34 | INFO     | AI_FACE_PLATFORM | SCRFD detector initialized successfully.
2026-08-10 17:01:34 | INFO     | AI_FACE_PLATFORM | ============================================================
2026-08-10 17:01:34 | INFO     | AI_FACE_PLATFORM | Starting AI Face Platform...
2026-08-10 17:01:34 | INFO     | AI_FACE_PLATFORM | ============================================================
2026-08-10 17:01:34 | INFO     | AI_FACE_PLATFORM | Database initialized.
2026-08-10 17:01:34 | INFO     | AI_FACE_PLATFORM | ============================================================
2026-08-10 17:01:34 | INFO     | AI_FACE_PLATFORM | Loading AI Models...
2026-08-10 17:01:34 | INFO     | AI_FACE_PLATFORM | ============================================================
2026-08-10 17:01:34 | INFO     | AI_FACE_PLATFORM | Loading SCRFD Model: scrfd_500m_bnkps.onnx
2026-08-10 17:01:34 | INFO     | AI_FACE_PLATFORM | SCRFD model loaded successfully.
2026-08-10 17:01:34 | INFO     | AI_FACE_PLATFORM | Loading ArcFace Model: w600k_r50.onnx
2026-08-10 17:01:35 | INFO     | AI_FACE_PLATFORM | ArcFace model loaded successfully.
2026-08-10 17:01:35 | INFO     | AI_FACE_PLATFORM | ============================================================
2026-08-10 17:01:35 | INFO     | AI_FACE_PLATFORM | AI Models Loaded Successfully.
2026-08-10 17:01:35 | INFO     | AI_FACE_PLATFORM | ============================================================
2026-08-10 17:01:35 | INFO     | AI_FACE_PLATFORM | AI models loaded.
2026-08-10 17:01:35 | INFO     | AI_FACE_PLATFORM | Application started successfully.
2026-08-10 17:03:18 | INFO     | AI_FACE_PLATFORM | ============================================================
2026-08-10 17:03:18 | INFO     | AI_FACE_PLATFORM | Shutting down AI Face Platform...
2026-08-10 17:03:18 | INFO     | AI_FACE_PLATFORM | ============================================================
2026-08-10 17:03:18 | INFO     | AI_FACE_PLATFORM | ============================================================
2026-08-10 17:03:18 | INFO     | AI_FACE_PLATFORM | Shutting down AI Face Platform...
2026-08-10 17:03:18 | INFO     | AI_FACE_PLATFORM | ============================================================
2026-08-10 17:03:21 | INFO     | AI_FACE_PLATFORM | SCRFD detector initialized successfully.
2026-08-10 17:03:21 | INFO     | AI_FACE_PLATFORM | ============================================================
2026-08-10 17:03:21 | INFO     | AI_FACE_PLATFORM | Starting AI Face Platform...
2026-08-10 17:03:21 | INFO     | AI_FACE_PLATFORM | ============================================================
2026-08-10 17:03:21 | INFO     | AI_FACE_PLATFORM | Database initialized.
2026-08-10 17:03:21 | INFO     | AI_FACE_PLATFORM | ============================================================
2026-08-10 17:03:21 | INFO     | AI_FACE_PLATFORM | Loading AI Models...
2026-08-10 17:03:21 | INFO     | AI_FACE_PLATFORM | ============================================================
2026-08-10 17:03:21 | INFO     | AI_FACE_PLATFORM | Loading SCRFD Model: scrfd_500m_bnkps.onnx
2026-08-10 17:03:21 | INFO     | AI_FACE_PLATFORM | SCRFD model loaded successfully.
2026-08-10 17:03:21 | INFO     | AI_FACE_PLATFORM | Loading ArcFace Model: w600k_r50.onnx
2026-08-10 17:03:22 | INFO     | AI_FACE_PLATFORM | ArcFace model loaded successfully.
2026-08-10 17:03:22 | INFO     | AI_FACE_PLATFORM | ============================================================
2026-08-10 17:03:22 | INFO     | AI_FACE_PLATFORM | AI Models Loaded Successfully.
2026-08-10 17:03:22 | INFO     | AI_FACE_PLATFORM | ============================================================
2026-08-10 17:03:22 | INFO     | AI_FACE_PLATFORM | AI models loaded.
2026-08-10 17:03:22 | INFO     | AI_FACE_PLATFORM | Application started successfully.
2026-08-10 17:03:28 | INFO     | AI_FACE_PLATFORM | SCRFD detector initialized successfully.
2026-08-10 17:03:29 | INFO     | AI_FACE_PLATFORM | ============================================================
2026-08-10 17:03:29 | INFO     | AI_FACE_PLATFORM | Starting AI Face Platform...
2026-08-10 17:03:29 | INFO     | AI_FACE_PLATFORM | ============================================================
2026-08-10 17:03:29 | INFO     | AI_FACE_PLATFORM | Database initialized.
2026-08-10 17:03:29 | INFO     | AI_FACE_PLATFORM | ============================================================
2026-08-10 17:03:29 | INFO     | AI_FACE_PLATFORM | Loading AI Models...
2026-08-10 17:03:29 | INFO     | AI_FACE_PLATFORM | ============================================================
2026-08-10 17:03:29 | INFO     | AI_FACE_PLATFORM | Loading SCRFD Model: scrfd_500m_bnkps.onnx
2026-08-10 17:03:29 | INFO     | AI_FACE_PLATFORM | SCRFD model loaded successfully.
2026-08-10 17:03:29 | INFO     | AI_FACE_PLATFORM | Loading ArcFace Model: w600k_r50.onnx
2026-08-10 17:03:29 | INFO     | AI_FACE_PLATFORM | ArcFace model loaded successfully.
2026-08-10 17:03:29 | INFO     | AI_FACE_PLATFORM | ============================================================
2026-08-10 17:03:29 | INFO     | AI_FACE_PLATFORM | AI Models Loaded Successfully.
2026-08-10 17:03:29 | INFO     | AI_FACE_PLATFORM | ============================================================
2026-08-10 17:03:29 | INFO     | AI_FACE_PLATFORM | AI models loaded.
2026-08-10 17:03:29 | INFO     | AI_FACE_PLATFORM | Application started successfully.
2026-08-10 17:06:50 | INFO     | AI_FACE_PLATFORM | ============================================================
2026-08-10 17:06:50 | INFO     | AI_FACE_PLATFORM | Shutting down AI Face Platform...
2026-08-10 17:06:50 | INFO     | AI_FACE_PLATFORM | ============================================================
2026-08-10 17:06:51 | INFO     | AI_FACE_PLATFORM | ============================================================
2026-08-10 17:06:51 | INFO     | AI_FACE_PLATFORM | Shutting down AI Face Platform...
2026-08-10 17:06:51 | INFO     | AI_FACE_PLATFORM | ============================================================
2026-08-10 17:06:58 | INFO     | AI_FACE_PLATFORM | SCRFD detector initialized successfully.
2026-08-10 17:06:58 | INFO     | AI_FACE_PLATFORM | ============================================================
2026-08-10 17:06:58 | INFO     | AI_FACE_PLATFORM | Starting AI Face Platform...
2026-08-10 17:06:58 | INFO     | AI_FACE_PLATFORM | ============================================================
2026-08-10 17:06:58 | INFO     | AI_FACE_PLATFORM | Database initialized.
2026-08-10 17:06:58 | INFO     | AI_FACE_PLATFORM | ============================================================
2026-08-10 17:06:58 | INFO     | AI_FACE_PLATFORM | Loading AI Models...
2026-08-10 17:06:58 | INFO     | AI_FACE_PLATFORM | ============================================================
2026-08-10 17:06:58 | INFO     | AI_FACE_PLATFORM | Loading SCRFD Model: scrfd_500m_bnkps.onnx
2026-08-10 17:06:58 | INFO     | AI_FACE_PLATFORM | SCRFD model loaded successfully.
2026-08-10 17:06:58 | INFO     | AI_FACE_PLATFORM | Loading ArcFace Model: w600k_r50.onnx
2026-08-10 17:06:59 | INFO     | AI_FACE_PLATFORM | ArcFace model loaded successfully.
2026-08-10 17:06:59 | INFO     | AI_FACE_PLATFORM | ============================================================
2026-08-10 17:06:59 | INFO     | AI_FACE_PLATFORM | AI Models Loaded Successfully.
2026-08-10 17:06:59 | INFO     | AI_FACE_PLATFORM | ============================================================
2026-08-10 17:06:59 | INFO     | AI_FACE_PLATFORM | AI models loaded.
2026-08-10 17:06:59 | INFO     | AI_FACE_PLATFORM | Application started successfully.
2026-08-10 17:06:59 | INFO     | AI_FACE_PLATFORM | SCRFD detector initialized successfully.
2026-08-10 17:06:59 | INFO     | AI_FACE_PLATFORM | ============================================================
2026-08-10 17:06:59 | INFO     | AI_FACE_PLATFORM | Shutting down AI Face Platform...
2026-08-10 17:06:59 | INFO     | AI_FACE_PLATFORM | ============================================================
2026-08-10 17:06:59 | INFO     | AI_FACE_PLATFORM | ============================================================
2026-08-10 17:06:59 | INFO     | AI_FACE_PLATFORM | Starting AI Face Platform...
2026-08-10 17:06:59 | INFO     | AI_FACE_PLATFORM | ============================================================
2026-08-10 17:06:59 | INFO     | AI_FACE_PLATFORM | Database initialized.
2026-08-10 17:06:59 | INFO     | AI_FACE_PLATFORM | ============================================================
2026-08-10 17:06:59 | INFO     | AI_FACE_PLATFORM | Loading AI Models...
2026-08-10 17:06:59 | INFO     | AI_FACE_PLATFORM | ============================================================
2026-08-10 17:06:59 | INFO     | AI_FACE_PLATFORM | Loading SCRFD Model: scrfd_500m_bnkps.onnx
2026-08-10 17:07:00 | INFO     | AI_FACE_PLATFORM | SCRFD model loaded successfully.
2026-08-10 17:07:00 | INFO     | AI_FACE_PLATFORM | Loading ArcFace Model: w600k_r50.onnx
2026-08-10 17:07:00 | INFO     | AI_FACE_PLATFORM | ArcFace model loaded successfully.
2026-08-10 17:07:00 | INFO     | AI_FACE_PLATFORM | ============================================================
2026-08-10 17:07:00 | INFO     | AI_FACE_PLATFORM | AI Models Loaded Successfully.
2026-08-10 17:07:00 | INFO     | AI_FACE_PLATFORM | ============================================================
2026-08-10 17:07:00 | INFO     | AI_FACE_PLATFORM | AI models loaded.
2026-08-10 17:07:00 | INFO     | AI_FACE_PLATFORM | Application started successfully.
2026-08-10 17:07:03 | INFO     | AI_FACE_PLATFORM | SCRFD detector initialized successfully.
2026-08-10 17:07:03 | INFO     | AI_FACE_PLATFORM | ============================================================
2026-08-10 17:07:03 | INFO     | AI_FACE_PLATFORM | Starting AI Face Platform...
2026-08-10 17:07:03 | INFO     | AI_FACE_PLATFORM | ============================================================
2026-08-10 17:07:03 | INFO     | AI_FACE_PLATFORM | Database initialized.
2026-08-10 17:07:03 | INFO     | AI_FACE_PLATFORM | ============================================================
2026-08-10 17:07:03 | INFO     | AI_FACE_PLATFORM | Loading AI Models...
2026-08-10 17:07:03 | INFO     | AI_FACE_PLATFORM | ============================================================
2026-08-10 17:07:03 | INFO     | AI_FACE_PLATFORM | Loading SCRFD Model: scrfd_500m_bnkps.onnx
2026-08-10 17:07:03 | INFO     | AI_FACE_PLATFORM | SCRFD model loaded successfully.
2026-08-10 17:07:03 | INFO     | AI_FACE_PLATFORM | Loading ArcFace Model: w600k_r50.onnx
2026-08-10 17:07:04 | INFO     | AI_FACE_PLATFORM | ArcFace model loaded successfully.
2026-08-10 17:07:04 | INFO     | AI_FACE_PLATFORM | ============================================================
2026-08-10 17:07:04 | INFO     | AI_FACE_PLATFORM | AI Models Loaded Successfully.
2026-08-10 17:07:04 | INFO     | AI_FACE_PLATFORM | ============================================================
2026-08-10 17:07:04 | INFO     | AI_FACE_PLATFORM | AI models loaded.
2026-08-10 17:07:04 | INFO     | AI_FACE_PLATFORM | Application started successfully.
2026-08-10 17:07:15 | INFO     | AI_FACE_PLATFORM | ============================================================
2026-08-10 17:07:15 | INFO     | AI_FACE_PLATFORM | Shutting down AI Face Platform...
2026-08-10 17:07:15 | INFO     | AI_FACE_PLATFORM | ============================================================
2026-08-10 17:07:16 | INFO     | AI_FACE_PLATFORM | ============================================================
2026-08-10 17:07:16 | INFO     | AI_FACE_PLATFORM | Shutting down AI Face Platform...
2026-08-10 17:07:16 | INFO     | AI_FACE_PLATFORM | ============================================================
2026-08-10 17:07:22 | INFO     | AI_FACE_PLATFORM | SCRFD detector initialized successfully.
2026-08-10 17:07:22 | INFO     | AI_FACE_PLATFORM | SCRFD detector initialized successfully.
2026-08-10 17:07:22 | INFO     | AI_FACE_PLATFORM | ============================================================
2026-08-10 17:07:22 | INFO     | AI_FACE_PLATFORM | Starting AI Face Platform...
2026-08-10 17:07:22 | INFO     | AI_FACE_PLATFORM | ============================================================
2026-08-10 17:07:22 | INFO     | AI_FACE_PLATFORM | ============================================================
2026-08-10 17:07:22 | INFO     | AI_FACE_PLATFORM | Starting AI Face Platform...
2026-08-10 17:07:22 | INFO     | AI_FACE_PLATFORM | ============================================================
2026-08-10 17:07:22 | INFO     | AI_FACE_PLATFORM | Database initialized.
2026-08-10 17:07:22 | INFO     | AI_FACE_PLATFORM | ============================================================
2026-08-10 17:07:22 | INFO     | AI_FACE_PLATFORM | Loading AI Models...
2026-08-10 17:07:22 | INFO     | AI_FACE_PLATFORM | ============================================================
2026-08-10 17:07:22 | INFO     | AI_FACE_PLATFORM | Loading SCRFD Model: scrfd_500m_bnkps.onnx
2026-08-10 17:07:22 | INFO     | AI_FACE_PLATFORM | SCRFD model loaded successfully.
2026-08-10 17:07:22 | INFO     | AI_FACE_PLATFORM | Loading ArcFace Model: w600k_r50.onnx
2026-08-10 17:07:22 | INFO     | AI_FACE_PLATFORM | Database initialized.
2026-08-10 17:07:22 | INFO     | AI_FACE_PLATFORM | ============================================================
2026-08-10 17:07:22 | INFO     | AI_FACE_PLATFORM | Loading AI Models...
2026-08-10 17:07:22 | INFO     | AI_FACE_PLATFORM | ============================================================
2026-08-10 17:07:22 | INFO     | AI_FACE_PLATFORM | Loading SCRFD Model: scrfd_500m_bnkps.onnx
2026-08-10 17:07:22 | INFO     | AI_FACE_PLATFORM | SCRFD model loaded successfully.
2026-08-10 17:07:22 | INFO     | AI_FACE_PLATFORM | Loading ArcFace Model: w600k_r50.onnx
2026-08-10 17:07:23 | INFO     | AI_FACE_PLATFORM | ArcFace model loaded successfully.
2026-08-10 17:07:23 | INFO     | AI_FACE_PLATFORM | ============================================================
2026-08-10 17:07:23 | INFO     | AI_FACE_PLATFORM | AI Models Loaded Successfully.
2026-08-10 17:07:23 | INFO     | AI_FACE_PLATFORM | ============================================================
2026-08-10 17:07:23 | INFO     | AI_FACE_PLATFORM | AI models loaded.
2026-08-10 17:07:23 | INFO     | AI_FACE_PLATFORM | Application started successfully.
2026-08-10 17:07:24 | INFO     | AI_FACE_PLATFORM | ArcFace model loaded successfully.
2026-08-10 17:07:24 | INFO     | AI_FACE_PLATFORM | ============================================================
2026-08-10 17:07:24 | INFO     | AI_FACE_PLATFORM | AI Models Loaded Successfully.
2026-08-10 17:07:24 | INFO     | AI_FACE_PLATFORM | ============================================================
2026-08-10 17:07:24 | INFO     | AI_FACE_PLATFORM | AI models loaded.
2026-08-10 17:07:24 | INFO     | AI_FACE_PLATFORM | Application started successfully.
2026-08-10 17:09:46 | INFO     | AI_FACE_PLATFORM | ============================================================
2026-08-10 17:09:46 | INFO     | AI_FACE_PLATFORM | Shutting down AI Face Platform...
2026-08-10 17:09:46 | INFO     | AI_FACE_PLATFORM | ============================================================
2026-08-10 17:09:48 | INFO     | AI_FACE_PLATFORM | ============================================================
2026-08-10 17:09:48 | INFO     | AI_FACE_PLATFORM | Shutting down AI Face Platform...
2026-08-10 17:09:48 | INFO     | AI_FACE_PLATFORM | ============================================================
2026-08-10 17:09:50 | INFO     | AI_FACE_PLATFORM | SCRFD detector initialized successfully.
2026-08-10 17:09:50 | INFO     | AI_FACE_PLATFORM | ============================================================
2026-08-10 17:09:50 | INFO     | AI_FACE_PLATFORM | Starting AI Face Platform...
2026-08-10 17:09:50 | INFO     | AI_FACE_PLATFORM | ============================================================
2026-08-10 17:09:50 | INFO     | AI_FACE_PLATFORM | Database initialized.
2026-08-10 17:09:50 | INFO     | AI_FACE_PLATFORM | ============================================================
2026-08-10 17:09:50 | INFO     | AI_FACE_PLATFORM | Loading AI Models...
2026-08-10 17:09:50 | INFO     | AI_FACE_PLATFORM | ============================================================
2026-08-10 17:09:50 | INFO     | AI_FACE_PLATFORM | Loading SCRFD Model: scrfd_500m_bnkps.onnx
2026-08-10 17:09:50 | INFO     | AI_FACE_PLATFORM | SCRFD model loaded successfully.
2026-08-10 17:09:50 | INFO     | AI_FACE_PLATFORM | Loading ArcFace Model: w600k_r50.onnx
2026-08-10 17:09:51 | INFO     | AI_FACE_PLATFORM | ArcFace model loaded successfully.
2026-08-10 17:09:51 | INFO     | AI_FACE_PLATFORM | ============================================================
2026-08-10 17:09:51 | INFO     | AI_FACE_PLATFORM | AI Models Loaded Successfully.
2026-08-10 17:09:51 | INFO     | AI_FACE_PLATFORM | ============================================================
2026-08-10 17:09:51 | INFO     | AI_FACE_PLATFORM | AI models loaded.
2026-08-10 17:09:51 | INFO     | AI_FACE_PLATFORM | Application started successfully.
2026-08-10 17:09:52 | INFO     | AI_FACE_PLATFORM | SCRFD detector initialized successfully.
2026-08-10 17:09:52 | INFO     | AI_FACE_PLATFORM | ============================================================
2026-08-10 17:09:52 | INFO     | AI_FACE_PLATFORM | Starting AI Face Platform...
2026-08-10 17:09:52 | INFO     | AI_FACE_PLATFORM | ============================================================
2026-08-10 17:09:52 | INFO     | AI_FACE_PLATFORM | Database initialized.
2026-08-10 17:09:52 | INFO     | AI_FACE_PLATFORM | ============================================================
2026-08-10 17:09:52 | INFO     | AI_FACE_PLATFORM | Loading AI Models...
2026-08-10 17:09:52 | INFO     | AI_FACE_PLATFORM | ============================================================
2026-08-10 17:09:52 | INFO     | AI_FACE_PLATFORM | Loading SCRFD Model: scrfd_500m_bnkps.onnx
2026-08-10 17:09:52 | INFO     | AI_FACE_PLATFORM | SCRFD model loaded successfully.
2026-08-10 17:09:52 | INFO     | AI_FACE_PLATFORM | Loading ArcFace Model: w600k_r50.onnx
2026-08-10 17:09:53 | INFO     | AI_FACE_PLATFORM | ArcFace model loaded successfully.
2026-08-10 17:09:53 | INFO     | AI_FACE_PLATFORM | ============================================================
2026-08-10 17:09:53 | INFO     | AI_FACE_PLATFORM | AI Models Loaded Successfully.
2026-08-10 17:09:53 | INFO     | AI_FACE_PLATFORM | ============================================================
2026-08-10 17:09:53 | INFO     | AI_FACE_PLATFORM | AI models loaded.
2026-08-10 17:09:53 | INFO     | AI_FACE_PLATFORM | Application started successfully.
2026-08-10 17:13:43 | INFO     | AI_FACE_PLATFORM | ============================================================
2026-08-10 17:13:43 | INFO     | AI_FACE_PLATFORM | Shutting down AI Face Platform...
2026-08-10 17:13:43 | INFO     | AI_FACE_PLATFORM | ============================================================
2026-08-10 17:13:45 | INFO     | AI_FACE_PLATFORM | ============================================================
2026-08-10 17:13:45 | INFO     | AI_FACE_PLATFORM | Shutting down AI Face Platform...
2026-08-10 17:13:45 | INFO     | AI_FACE_PLATFORM | ============================================================
2026-08-10 17:13:50 | INFO     | AI_FACE_PLATFORM | SCRFD detector initialized successfully.
2026-08-10 17:13:51 | INFO     | AI_FACE_PLATFORM | ============================================================
2026-08-10 17:13:51 | INFO     | AI_FACE_PLATFORM | Starting AI Face Platform...
2026-08-10 17:13:51 | INFO     | AI_FACE_PLATFORM | ============================================================
2026-08-10 17:13:51 | INFO     | AI_FACE_PLATFORM | Database initialized.
2026-08-10 17:13:51 | INFO     | AI_FACE_PLATFORM | ============================================================
2026-08-10 17:13:51 | INFO     | AI_FACE_PLATFORM | Loading AI Models...
2026-08-10 17:13:51 | INFO     | AI_FACE_PLATFORM | ============================================================
2026-08-10 17:13:51 | INFO     | AI_FACE_PLATFORM | Loading SCRFD Model: scrfd_500m_bnkps.onnx
2026-08-10 17:13:51 | INFO     | AI_FACE_PLATFORM | SCRFD model loaded successfully.
2026-08-10 17:13:51 | INFO     | AI_FACE_PLATFORM | Loading ArcFace Model: w600k_r50.onnx
2026-08-10 17:13:51 | INFO     | AI_FACE_PLATFORM | SCRFD detector initialized successfully.
2026-08-10 17:13:51 | INFO     | AI_FACE_PLATFORM | ============================================================
2026-08-10 17:13:51 | INFO     | AI_FACE_PLATFORM | Starting AI Face Platform...
2026-08-10 17:13:51 | INFO     | AI_FACE_PLATFORM | ============================================================
2026-08-10 17:13:51 | INFO     | AI_FACE_PLATFORM | ArcFace model loaded successfully.
2026-08-10 17:13:51 | INFO     | AI_FACE_PLATFORM | ============================================================
2026-08-10 17:13:51 | INFO     | AI_FACE_PLATFORM | AI Models Loaded Successfully.
2026-08-10 17:13:51 | INFO     | AI_FACE_PLATFORM | ============================================================
2026-08-10 17:13:51 | INFO     | AI_FACE_PLATFORM | AI models loaded.
2026-08-10 17:13:51 | INFO     | AI_FACE_PLATFORM | Application started successfully.
2026-08-10 17:13:51 | INFO     | AI_FACE_PLATFORM | Database initialized.
2026-08-10 17:13:51 | INFO     | AI_FACE_PLATFORM | ============================================================
2026-08-10 17:13:51 | INFO     | AI_FACE_PLATFORM | Loading AI Models...
2026-08-10 17:13:51 | INFO     | AI_FACE_PLATFORM | ============================================================
2026-08-10 17:13:51 | INFO     | AI_FACE_PLATFORM | Loading SCRFD Model: scrfd_500m_bnkps.onnx
2026-08-10 17:13:51 | INFO     | AI_FACE_PLATFORM | SCRFD model loaded successfully.
2026-08-10 17:13:51 | INFO     | AI_FACE_PLATFORM | Loading ArcFace Model: w600k_r50.onnx
2026-08-10 17:13:52 | INFO     | AI_FACE_PLATFORM | ArcFace model loaded successfully.
2026-08-10 17:13:52 | INFO     | AI_FACE_PLATFORM | ============================================================
2026-08-10 17:13:52 | INFO     | AI_FACE_PLATFORM | AI Models Loaded Successfully.
2026-08-10 17:13:52 | INFO     | AI_FACE_PLATFORM | ============================================================
2026-08-10 17:13:52 | INFO     | AI_FACE_PLATFORM | AI models loaded.
2026-08-10 17:13:52 | INFO     | AI_FACE_PLATFORM | Application started successfully.
2026-08-10 17:14:06 | INFO     | AI_FACE_PLATFORM | ============================================================
2026-08-10 17:14:06 | INFO     | AI_FACE_PLATFORM | Shutting down AI Face Platform...
2026-08-10 17:14:06 | INFO     | AI_FACE_PLATFORM | ============================================================
2026-08-10 17:14:08 | INFO     | AI_FACE_PLATFORM | ============================================================
2026-08-10 17:14:08 | INFO     | AI_FACE_PLATFORM | Shutting down AI Face Platform...
2026-08-10 17:14:08 | INFO     | AI_FACE_PLATFORM | ============================================================
2026-08-10 17:14:14 | INFO     | AI_FACE_PLATFORM | SCRFD detector initialized successfully.
2026-08-10 17:14:14 | INFO     | AI_FACE_PLATFORM | ============================================================
2026-08-10 17:14:14 | INFO     | AI_FACE_PLATFORM | Starting AI Face Platform...
2026-08-10 17:14:14 | INFO     | AI_FACE_PLATFORM | ============================================================
2026-08-10 17:14:14 | INFO     | AI_FACE_PLATFORM | Database initialized.
2026-08-10 17:14:14 | INFO     | AI_FACE_PLATFORM | ============================================================
2026-08-10 17:14:14 | INFO     | AI_FACE_PLATFORM | Loading AI Models...
2026-08-10 17:14:14 | INFO     | AI_FACE_PLATFORM | ============================================================
2026-08-10 17:14:14 | INFO     | AI_FACE_PLATFORM | Loading SCRFD Model: scrfd_500m_bnkps.onnx
2026-08-10 17:14:14 | INFO     | AI_FACE_PLATFORM | SCRFD detector initialized successfully.
2026-08-10 17:14:14 | INFO     | AI_FACE_PLATFORM | SCRFD model loaded successfully.
2026-08-10 17:14:14 | INFO     | AI_FACE_PLATFORM | Loading ArcFace Model: w600k_r50.onnx
2026-08-10 17:14:15 | INFO     | AI_FACE_PLATFORM | ============================================================
2026-08-10 17:14:15 | INFO     | AI_FACE_PLATFORM | Starting AI Face Platform...
2026-08-10 17:14:15 | INFO     | AI_FACE_PLATFORM | ============================================================
2026-08-10 17:14:15 | INFO     | AI_FACE_PLATFORM | Database initialized.
2026-08-10 17:14:15 | INFO     | AI_FACE_PLATFORM | ============================================================
2026-08-10 17:14:15 | INFO     | AI_FACE_PLATFORM | Loading AI Models...
2026-08-10 17:14:15 | INFO     | AI_FACE_PLATFORM | ============================================================
2026-08-10 17:14:15 | INFO     | AI_FACE_PLATFORM | Loading SCRFD Model: scrfd_500m_bnkps.onnx
2026-08-10 17:14:15 | INFO     | AI_FACE_PLATFORM | SCRFD model loaded successfully.
2026-08-10 17:14:15 | INFO     | AI_FACE_PLATFORM | Loading ArcFace Model: w600k_r50.onnx
2026-08-10 17:14:15 | INFO     | AI_FACE_PLATFORM | ArcFace model loaded successfully.
2026-08-10 17:14:15 | INFO     | AI_FACE_PLATFORM | ============================================================
2026-08-10 17:14:15 | INFO     | AI_FACE_PLATFORM | AI Models Loaded Successfully.
2026-08-10 17:14:15 | INFO     | AI_FACE_PLATFORM | ============================================================
2026-08-10 17:14:15 | INFO     | AI_FACE_PLATFORM | AI models loaded.
2026-08-10 17:14:15 | INFO     | AI_FACE_PLATFORM | Application started successfully.
2026-08-10 17:14:16 | INFO     | AI_FACE_PLATFORM | ArcFace model loaded successfully.
2026-08-10 17:14:16 | INFO     | AI_FACE_PLATFORM | ============================================================
2026-08-10 17:14:16 | INFO     | AI_FACE_PLATFORM | AI Models Loaded Successfully.
2026-08-10 17:14:16 | INFO     | AI_FACE_PLATFORM | ============================================================
2026-08-10 17:14:16 | INFO     | AI_FACE_PLATFORM | AI models loaded.
2026-08-10 17:14:16 | INFO     | AI_FACE_PLATFORM | Application started successfully.
2026-08-10 17:16:29 | INFO     | AI_FACE_PLATFORM | ============================================================
2026-08-10 17:16:29 | INFO     | AI_FACE_PLATFORM | Shutting down AI Face Platform...
2026-08-10 17:16:29 | INFO     | AI_FACE_PLATFORM | ============================================================
2026-08-10 17:16:31 | INFO     | AI_FACE_PLATFORM | ============================================================
2026-08-10 17:16:31 | INFO     | AI_FACE_PLATFORM | Shutting down AI Face Platform...
2026-08-10 17:16:31 | INFO     | AI_FACE_PLATFORM | ============================================================
2026-08-10 17:16:39 | INFO     | AI_FACE_PLATFORM | SCRFD detector initialized successfully.
2026-08-10 17:16:39 | INFO     | AI_FACE_PLATFORM | ============================================================
2026-08-10 17:16:39 | INFO     | AI_FACE_PLATFORM | Starting AI Face Platform...
2026-08-10 17:16:39 | INFO     | AI_FACE_PLATFORM | ============================================================
2026-08-10 17:16:39 | INFO     | AI_FACE_PLATFORM | Database initialized.
2026-08-10 17:16:39 | INFO     | AI_FACE_PLATFORM | ============================================================
2026-08-10 17:16:39 | INFO     | AI_FACE_PLATFORM | Loading AI Models...
2026-08-10 17:16:39 | INFO     | AI_FACE_PLATFORM | ============================================================
2026-08-10 17:16:39 | INFO     | AI_FACE_PLATFORM | Loading SCRFD Model: scrfd_500m_bnkps.onnx
2026-08-10 17:16:39 | INFO     | AI_FACE_PLATFORM | SCRFD model loaded successfully.
2026-08-10 17:16:39 | INFO     | AI_FACE_PLATFORM | Loading ArcFace Model: w600k_r50.onnx
2026-08-10 17:16:40 | INFO     | AI_FACE_PLATFORM | ArcFace model loaded successfully.
2026-08-10 17:16:40 | INFO     | AI_FACE_PLATFORM | ============================================================
2026-08-10 17:16:40 | INFO     | AI_FACE_PLATFORM | AI Models Loaded Successfully.
2026-08-10 17:16:40 | INFO     | AI_FACE_PLATFORM | ============================================================
2026-08-10 17:16:40 | INFO     | AI_FACE_PLATFORM | AI models loaded.
2026-08-10 17:16:40 | INFO     | AI_FACE_PLATFORM | Application started successfully.
2026-08-10 17:16:40 | INFO     | AI_FACE_PLATFORM | SCRFD detector initialized successfully.
2026-08-10 17:16:40 | INFO     | AI_FACE_PLATFORM | ============================================================
2026-08-10 17:16:40 | INFO     | AI_FACE_PLATFORM | Starting AI Face Platform...
2026-08-10 17:16:40 | INFO     | AI_FACE_PLATFORM | ============================================================
2026-08-10 17:16:40 | INFO     | AI_FACE_PLATFORM | Database initialized.
2026-08-10 17:16:40 | INFO     | AI_FACE_PLATFORM | ============================================================
2026-08-10 17:16:40 | INFO     | AI_FACE_PLATFORM | Loading AI Models...
2026-08-10 17:16:40 | INFO     | AI_FACE_PLATFORM | ============================================================
2026-08-10 17:16:40 | INFO     | AI_FACE_PLATFORM | Loading SCRFD Model: scrfd_500m_bnkps.onnx
2026-08-10 17:16:40 | INFO     | AI_FACE_PLATFORM | SCRFD model loaded successfully.
2026-08-10 17:16:40 | INFO     | AI_FACE_PLATFORM | Loading ArcFace Model: w600k_r50.onnx
2026-08-10 17:16:41 | INFO     | AI_FACE_PLATFORM | ArcFace model loaded successfully.
2026-08-10 17:16:41 | INFO     | AI_FACE_PLATFORM | ============================================================
2026-08-10 17:16:41 | INFO     | AI_FACE_PLATFORM | AI Models Loaded Successfully.
2026-08-10 17:16:41 | INFO     | AI_FACE_PLATFORM | ============================================================
2026-08-10 17:16:41 | INFO     | AI_FACE_PLATFORM | AI models loaded.
2026-08-10 17:16:41 | INFO     | AI_FACE_PLATFORM | Application started successfully.
2026-08-10 17:18:09 | INFO     | AI_FACE_PLATFORM | ============================================================
2026-08-10 17:18:09 | INFO     | AI_FACE_PLATFORM | Shutting down AI Face Platform...
2026-08-10 17:18:09 | INFO     | AI_FACE_PLATFORM | ============================================================
2026-08-10 17:18:10 | INFO     | AI_FACE_PLATFORM | ============================================================
2026-08-10 17:18:10 | INFO     | AI_FACE_PLATFORM | Shutting down AI Face Platform...
2026-08-10 17:18:10 | INFO     | AI_FACE_PLATFORM | ============================================================
2026-08-10 17:18:20 | INFO     | AI_FACE_PLATFORM | SCRFD detector initialized successfully.
2026-08-10 17:18:20 | INFO     | AI_FACE_PLATFORM | ============================================================
2026-08-10 17:18:20 | INFO     | AI_FACE_PLATFORM | Starting AI Face Platform...
2026-08-10 17:18:20 | INFO     | AI_FACE_PLATFORM | ============================================================
2026-08-10 17:18:20 | INFO     | AI_FACE_PLATFORM | Database initialized.
2026-08-10 17:18:20 | INFO     | AI_FACE_PLATFORM | ============================================================
2026-08-10 17:18:20 | INFO     | AI_FACE_PLATFORM | Loading AI Models...
2026-08-10 17:18:20 | INFO     | AI_FACE_PLATFORM | ============================================================
2026-08-10 17:18:20 | INFO     | AI_FACE_PLATFORM | Loading SCRFD Model: scrfd_500m_bnkps.onnx
2026-08-10 17:18:20 | INFO     | AI_FACE_PLATFORM | SCRFD model loaded successfully.
2026-08-10 17:18:20 | INFO     | AI_FACE_PLATFORM | Loading ArcFace Model: w600k_r50.onnx
2026-08-10 17:18:20 | INFO     | AI_FACE_PLATFORM | SCRFD detector initialized successfully.
2026-08-10 17:18:21 | INFO     | AI_FACE_PLATFORM | ============================================================
2026-08-10 17:18:21 | INFO     | AI_FACE_PLATFORM | Starting AI Face Platform...
2026-08-10 17:18:21 | INFO     | AI_FACE_PLATFORM | ============================================================
2026-08-10 17:18:21 | INFO     | AI_FACE_PLATFORM | Database initialized.
2026-08-10 17:18:21 | INFO     | AI_FACE_PLATFORM | ============================================================
2026-08-10 17:18:21 | INFO     | AI_FACE_PLATFORM | Loading AI Models...
2026-08-10 17:18:21 | INFO     | AI_FACE_PLATFORM | ============================================================
2026-08-10 17:18:21 | INFO     | AI_FACE_PLATFORM | Loading SCRFD Model: scrfd_500m_bnkps.onnx
2026-08-10 17:18:21 | INFO     | AI_FACE_PLATFORM | SCRFD model loaded successfully.
2026-08-10 17:18:21 | INFO     | AI_FACE_PLATFORM | Loading ArcFace Model: w600k_r50.onnx
2026-08-10 17:18:21 | INFO     | AI_FACE_PLATFORM | ArcFace model loaded successfully.
2026-08-10 17:18:21 | INFO     | AI_FACE_PLATFORM | ============================================================
2026-08-10 17:18:21 | INFO     | AI_FACE_PLATFORM | AI Models Loaded Successfully.
2026-08-10 17:18:21 | INFO     | AI_FACE_PLATFORM | ============================================================
2026-08-10 17:18:21 | INFO     | AI_FACE_PLATFORM | AI models loaded.
2026-08-10 17:18:21 | INFO     | AI_FACE_PLATFORM | Application started successfully.
2026-08-10 17:18:22 | INFO     | AI_FACE_PLATFORM | ArcFace model loaded successfully.
2026-08-10 17:18:22 | INFO     | AI_FACE_PLATFORM | ============================================================
2026-08-10 17:18:22 | INFO     | AI_FACE_PLATFORM | AI Models Loaded Successfully.
2026-08-10 17:18:22 | INFO     | AI_FACE_PLATFORM | ============================================================
2026-08-10 17:18:22 | INFO     | AI_FACE_PLATFORM | AI models loaded.
2026-08-10 17:18:22 | INFO     | AI_FACE_PLATFORM | Application started successfully.
2026-08-10 17:25:19 | INFO     | AI_FACE_PLATFORM | AttendanceService initialized.
2026-08-10 17:29:34 | INFO     | AI_FACE_PLATFORM | AttendanceService initialized.
2026-08-10 17:29:34 | ERROR    | AI_FACE_PLATFORM | Failed to create check-in for employee_id=3
Traceback (most recent call last):
  File "C:\Users\hp\eclipse-workspace\attendance-ai-api.zip_expanded\attendance-ai-api\face-ai-service\venv312\Lib\site-packages\sqlalchemy\engine\base.py", line 1969, in _exec_single_context
    self.dialect.do_execute(
  File "C:\Users\hp\eclipse-workspace\attendance-ai-api.zip_expanded\attendance-ai-api\face-ai-service\venv312\Lib\site-packages\sqlalchemy\engine\default.py", line 952, in do_execute
    cursor.execute(statement, parameters)
psycopg2.errors.NotNullViolation: null value in column "check_in" of relation "attendance" violates not-null constraint
DETAIL:  Failing row contains (1, 3, 2026-08-10, null, null, null, null, Front Camera, Office, TEST-PC, present, null, 2026-08-10 17:29:34.706016+05:30, 2026-08-10 17:29:34.706016+05:30, 2026-08-10 17:29:34.74932, null, 0.82, null).


The above exception was the direct cause of the following exception:

Traceback (most recent call last):
  File "C:\Users\hp\eclipse-workspace\attendance-ai-api.zip_expanded\attendance-ai-api\face-ai-service\app\services\attendance_service.py", line 167, in check_in
    self.db.commit()
  File "C:\Users\hp\eclipse-workspace\attendance-ai-api.zip_expanded\attendance-ai-api\face-ai-service\venv312\Lib\site-packages\sqlalchemy\orm\session.py", line 2035, in commit
    trans.commit(_to_root=True)
  File "<string>", line 2, in commit
  File "C:\Users\hp\eclipse-workspace\attendance-ai-api.zip_expanded\attendance-ai-api\face-ai-service\venv312\Lib\site-packages\sqlalchemy\orm\state_changes.py", line 137, in _go
    ret_value = fn(self, *arg, **kw)
                ^^^^^^^^^^^^^^^^^^^^
  File "C:\Users\hp\eclipse-workspace\attendance-ai-api.zip_expanded\attendance-ai-api\face-ai-service\venv312\Lib\site-packages\sqlalchemy\orm\session.py", line 1316, in commit
    self._prepare_impl()
  File "<string>", line 2, in _prepare_impl
  File "C:\Users\hp\eclipse-workspace\attendance-ai-api.zip_expanded\attendance-ai-api\face-ai-service\venv312\Lib\site-packages\sqlalchemy\orm\state_changes.py", line 137, in _go
    ret_value = fn(self, *arg, **kw)
                ^^^^^^^^^^^^^^^^^^^^
  File "C:\Users\hp\eclipse-workspace\attendance-ai-api.zip_expanded\attendance-ai-api\face-ai-service\venv312\Lib\site-packages\sqlalchemy\orm\session.py", line 1290, in _prepare_impl
    self.session.flush()
  File "C:\Users\hp\eclipse-workspace\attendance-ai-api.zip_expanded\attendance-ai-api\face-ai-service\venv312\Lib\site-packages\sqlalchemy\orm\session.py", line 4353, in flush
    self._flush(objects)
  File "C:\Users\hp\eclipse-workspace\attendance-ai-api.zip_expanded\attendance-ai-api\face-ai-service\venv312\Lib\site-packages\sqlalchemy\orm\session.py", line 4488, in _flush
    with util.safe_reraise():
         ^^^^^^^^^^^^^^^^^^^
  File "C:\Users\hp\eclipse-workspace\attendance-ai-api.zip_expanded\attendance-ai-api\face-ai-service\venv312\Lib\site-packages\sqlalchemy\util\langhelpers.py", line 122, in __exit__
    raise exc_value.with_traceback(exc_tb)
  File "C:\Users\hp\eclipse-workspace\attendance-ai-api.zip_expanded\attendance-ai-api\face-ai-service\venv312\Lib\site-packages\sqlalchemy\orm\session.py", line 4449, in _flush
    flush_context.execute()
  File "C:\Users\hp\eclipse-workspace\attendance-ai-api.zip_expanded\attendance-ai-api\face-ai-service\venv312\Lib\site-packages\sqlalchemy\orm\unitofwork.py", line 465, in execute
    rec.execute(self)
  File "C:\Users\hp\eclipse-workspace\attendance-ai-api.zip_expanded\attendance-ai-api\face-ai-service\venv312\Lib\site-packages\sqlalchemy\orm\unitofwork.py", line 641, in execute
    util.preloaded.orm_persistence.save_obj(
  File "C:\Users\hp\eclipse-workspace\attendance-ai-api.zip_expanded\attendance-ai-api\face-ai-service\venv312\Lib\site-packages\sqlalchemy\orm\persistence.py", line 94, in save_obj
    _emit_insert_statements(
  File "C:\Users\hp\eclipse-workspace\attendance-ai-api.zip_expanded\attendance-ai-api\face-ai-service\venv312\Lib\site-packages\sqlalchemy\orm\persistence.py", line 1234, in _emit_insert_statements
    result = connection.execute(
             ^^^^^^^^^^^^^^^^^^^
  File "C:\Users\hp\eclipse-workspace\attendance-ai-api.zip_expanded\attendance-ai-api\face-ai-service\venv312\Lib\site-packages\sqlalchemy\engine\base.py", line 1421, in execute
    return meth(
           ^^^^^
  File "C:\Users\hp\eclipse-workspace\attendance-ai-api.zip_expanded\attendance-ai-api\face-ai-service\venv312\Lib\site-packages\sqlalchemy\sql\elements.py", line 526, in _execute_on_connection
    return connection._execute_clauseelement(
           ^^^^^^^^^^^^^^^^^^^^^^^^^^^^^^^^^^
  File "C:\Users\hp\eclipse-workspace\attendance-ai-api.zip_expanded\attendance-ai-api\face-ai-service\venv312\Lib\site-packages\sqlalchemy\engine\base.py", line 1643, in _execute_clauseelement
    ret = self._execute_context(
          ^^^^^^^^^^^^^^^^^^^^^^
  File "C:\Users\hp\eclipse-workspace\attendance-ai-api.zip_expanded\attendance-ai-api\face-ai-service\venv312\Lib\site-packages\sqlalchemy\engine\base.py", line 1848, in _execute_context
    return self._exec_single_context(
           ^^^^^^^^^^^^^^^^^^^^^^^^^^
  File "C:\Users\hp\eclipse-workspace\attendance-ai-api.zip_expanded\attendance-ai-api\face-ai-service\venv312\Lib\site-packages\sqlalchemy\engine\base.py", line 1988, in _exec_single_context
    self._handle_dbapi_exception(
  File "C:\Users\hp\eclipse-workspace\attendance-ai-api.zip_expanded\attendance-ai-api\face-ai-service\venv312\Lib\site-packages\sqlalchemy\engine\base.py", line 2365, in _handle_dbapi_exception
    raise sqlalchemy_exception.with_traceback(exc_info[2]) from e
  File "C:\Users\hp\eclipse-workspace\attendance-ai-api.zip_expanded\attendance-ai-api\face-ai-service\venv312\Lib\site-packages\sqlalchemy\engine\base.py", line 1969, in _exec_single_context
    self.dialect.do_execute(
  File "C:\Users\hp\eclipse-workspace\attendance-ai-api.zip_expanded\attendance-ai-api\face-ai-service\venv312\Lib\site-packages\sqlalchemy\engine\default.py", line 952, in do_execute
    cursor.execute(statement, parameters)
sqlalchemy.exc.IntegrityError: (psycopg2.errors.NotNullViolation) null value in column "check_in" of relation "attendance" violates not-null constraint
DETAIL:  Failing row contains (1, 3, 2026-08-10, null, null, null, null, Front Camera, Office, TEST-PC, present, null, 2026-08-10 17:29:34.706016+05:30, 2026-08-10 17:29:34.706016+05:30, 2026-08-10 17:29:34.74932, null, 0.82, null).

[SQL: INSERT INTO attendance (employee_id, attendance_date, check_in_time, check_out_time, status, check_in_similarity, check_out_similarity, device_id, camera_name, location) VALUES (%(employee_id)s, %(attendance_date)s, %(check_in_time)s, %(check_out_time)s, %(status)s, %(check_in_similarity)s, %(check_out_similarity)s, %(device_id)s, %(camera_name)s, %(location)s) RETURNING attendance.id, attendance.created_at, attendance.updated_at]
[parameters: {'employee_id': 3, 'attendance_date': datetime.date(2026, 8, 10), 'check_in_time': datetime.datetime(2026, 8, 10, 17, 29, 34, 749320), 'check_out_time': None, 'status': 'present', 'check_in_similarity': 0.82, 'check_out_similarity': None, 'device_id': 'TEST-PC', 'camera_name': 'Front Camera', 'location': 'Office'}]
(Background on this error at: https://sqlalche.me/e/20/gkpj)
2026-08-10 17:29:57 | INFO     | AI_FACE_PLATFORM | AttendanceService initialized.
2026-08-10 17:29:58 | ERROR    | AI_FACE_PLATFORM | Failed to create check-in for employee_id=3
Traceback (most recent call last):
  File "C:\Users\hp\eclipse-workspace\attendance-ai-api.zip_expanded\attendance-ai-api\face-ai-service\venv312\Lib\site-packages\sqlalchemy\engine\base.py", line 1969, in _exec_single_context
    self.dialect.do_execute(
  File "C:\Users\hp\eclipse-workspace\attendance-ai-api.zip_expanded\attendance-ai-api\face-ai-service\venv312\Lib\site-packages\sqlalchemy\engine\default.py", line 952, in do_execute
    cursor.execute(statement, parameters)
psycopg2.errors.NotNullViolation: null value in column "check_in" of relation "attendance" violates not-null constraint
DETAIL:  Failing row contains (2, 3, 2026-08-10, null, null, null, null, Front Camera, Office, TEST-PC, present, null, 2026-08-10 17:29:58.001189+05:30, 2026-08-10 17:29:58.001189+05:30, 2026-08-10 17:29:58.013402, null, 0.82, null).


The above exception was the direct cause of the following exception:

Traceback (most recent call last):
  File "C:\Users\hp\eclipse-workspace\attendance-ai-api.zip_expanded\attendance-ai-api\face-ai-service\app\services\attendance_service.py", line 167, in check_in
    self.db.commit()
  File "C:\Users\hp\eclipse-workspace\attendance-ai-api.zip_expanded\attendance-ai-api\face-ai-service\venv312\Lib\site-packages\sqlalchemy\orm\session.py", line 2035, in commit
    trans.commit(_to_root=True)
  File "<string>", line 2, in commit
  File "C:\Users\hp\eclipse-workspace\attendance-ai-api.zip_expanded\attendance-ai-api\face-ai-service\venv312\Lib\site-packages\sqlalchemy\orm\state_changes.py", line 137, in _go
    ret_value = fn(self, *arg, **kw)
                ^^^^^^^^^^^^^^^^^^^^
  File "C:\Users\hp\eclipse-workspace\attendance-ai-api.zip_expanded\attendance-ai-api\face-ai-service\venv312\Lib\site-packages\sqlalchemy\orm\session.py", line 1316, in commit
    self._prepare_impl()
  File "<string>", line 2, in _prepare_impl
  File "C:\Users\hp\eclipse-workspace\attendance-ai-api.zip_expanded\attendance-ai-api\face-ai-service\venv312\Lib\site-packages\sqlalchemy\orm\state_changes.py", line 137, in _go
    ret_value = fn(self, *arg, **kw)
                ^^^^^^^^^^^^^^^^^^^^
  File "C:\Users\hp\eclipse-workspace\attendance-ai-api.zip_expanded\attendance-ai-api\face-ai-service\venv312\Lib\site-packages\sqlalchemy\orm\session.py", line 1290, in _prepare_impl
    self.session.flush()
  File "C:\Users\hp\eclipse-workspace\attendance-ai-api.zip_expanded\attendance-ai-api\face-ai-service\venv312\Lib\site-packages\sqlalchemy\orm\session.py", line 4353, in flush
    self._flush(objects)
  File "C:\Users\hp\eclipse-workspace\attendance-ai-api.zip_expanded\attendance-ai-api\face-ai-service\venv312\Lib\site-packages\sqlalchemy\orm\session.py", line 4488, in _flush
    with util.safe_reraise():
         ^^^^^^^^^^^^^^^^^^^
  File "C:\Users\hp\eclipse-workspace\attendance-ai-api.zip_expanded\attendance-ai-api\face-ai-service\venv312\Lib\site-packages\sqlalchemy\util\langhelpers.py", line 122, in __exit__
    raise exc_value.with_traceback(exc_tb)
  File "C:\Users\hp\eclipse-workspace\attendance-ai-api.zip_expanded\attendance-ai-api\face-ai-service\venv312\Lib\site-packages\sqlalchemy\orm\session.py", line 4449, in _flush
    flush_context.execute()
  File "C:\Users\hp\eclipse-workspace\attendance-ai-api.zip_expanded\attendance-ai-api\face-ai-service\venv312\Lib\site-packages\sqlalchemy\orm\unitofwork.py", line 465, in execute
    rec.execute(self)
  File "C:\Users\hp\eclipse-workspace\attendance-ai-api.zip_expanded\attendance-ai-api\face-ai-service\venv312\Lib\site-packages\sqlalchemy\orm\unitofwork.py", line 641, in execute
    util.preloaded.orm_persistence.save_obj(
  File "C:\Users\hp\eclipse-workspace\attendance-ai-api.zip_expanded\attendance-ai-api\face-ai-service\venv312\Lib\site-packages\sqlalchemy\orm\persistence.py", line 94, in save_obj
    _emit_insert_statements(
  File "C:\Users\hp\eclipse-workspace\attendance-ai-api.zip_expanded\attendance-ai-api\face-ai-service\venv312\Lib\site-packages\sqlalchemy\orm\persistence.py", line 1234, in _emit_insert_statements
    result = connection.execute(
             ^^^^^^^^^^^^^^^^^^^
  File "C:\Users\hp\eclipse-workspace\attendance-ai-api.zip_expanded\attendance-ai-api\face-ai-service\venv312\Lib\site-packages\sqlalchemy\engine\base.py", line 1421, in execute
    return meth(
           ^^^^^
  File "C:\Users\hp\eclipse-workspace\attendance-ai-api.zip_expanded\attendance-ai-api\face-ai-service\venv312\Lib\site-packages\sqlalchemy\sql\elements.py", line 526, in _execute_on_connection
    return connection._execute_clauseelement(
           ^^^^^^^^^^^^^^^^^^^^^^^^^^^^^^^^^^
  File "C:\Users\hp\eclipse-workspace\attendance-ai-api.zip_expanded\attendance-ai-api\face-ai-service\venv312\Lib\site-packages\sqlalchemy\engine\base.py", line 1643, in _execute_clauseelement
    ret = self._execute_context(
          ^^^^^^^^^^^^^^^^^^^^^^
  File "C:\Users\hp\eclipse-workspace\attendance-ai-api.zip_expanded\attendance-ai-api\face-ai-service\venv312\Lib\site-packages\sqlalchemy\engine\base.py", line 1848, in _execute_context
    return self._exec_single_context(
           ^^^^^^^^^^^^^^^^^^^^^^^^^^
  File "C:\Users\hp\eclipse-workspace\attendance-ai-api.zip_expanded\attendance-ai-api\face-ai-service\venv312\Lib\site-packages\sqlalchemy\engine\base.py", line 1988, in _exec_single_context
    self._handle_dbapi_exception(
  File "C:\Users\hp\eclipse-workspace\attendance-ai-api.zip_expanded\attendance-ai-api\face-ai-service\venv312\Lib\site-packages\sqlalchemy\engine\base.py", line 2365, in _handle_dbapi_exception
    raise sqlalchemy_exception.with_traceback(exc_info[2]) from e
  File "C:\Users\hp\eclipse-workspace\attendance-ai-api.zip_expanded\attendance-ai-api\face-ai-service\venv312\Lib\site-packages\sqlalchemy\engine\base.py", line 1969, in _exec_single_context
    self.dialect.do_execute(
  File "C:\Users\hp\eclipse-workspace\attendance-ai-api.zip_expanded\attendance-ai-api\face-ai-service\venv312\Lib\site-packages\sqlalchemy\engine\default.py", line 952, in do_execute
    cursor.execute(statement, parameters)
sqlalchemy.exc.IntegrityError: (psycopg2.errors.NotNullViolation) null value in column "check_in" of relation "attendance" violates not-null constraint
DETAIL:  Failing row contains (2, 3, 2026-08-10, null, null, null, null, Front Camera, Office, TEST-PC, present, null, 2026-08-10 17:29:58.001189+05:30, 2026-08-10 17:29:58.001189+05:30, 2026-08-10 17:29:58.013402, null, 0.82, null).

[SQL: INSERT INTO attendance (employee_id, attendance_date, check_in_time, check_out_time, status, check_in_similarity, check_out_similarity, device_id, camera_name, location) VALUES (%(employee_id)s, %(attendance_date)s, %(check_in_time)s, %(check_out_time)s, %(status)s, %(check_in_similarity)s, %(check_out_similarity)s, %(device_id)s, %(camera_name)s, %(location)s) RETURNING attendance.id, attendance.created_at, attendance.updated_at]
[parameters: {'employee_id': 3, 'attendance_date': datetime.date(2026, 8, 10), 'check_in_time': datetime.datetime(2026, 8, 10, 17, 29, 58, 13402), 'check_out_time': None, 'status': 'present', 'check_in_similarity': 0.82, 'check_out_similarity': None, 'device_id': 'TEST-PC', 'camera_name': 'Front Camera', 'location': 'Office'}]
(Background on this error at: https://sqlalche.me/e/20/gkpj)
2026-08-10 17:30:14 | INFO     | AI_FACE_PLATFORM | AttendanceService initialized.
2026-08-10 17:30:14 | ERROR    | AI_FACE_PLATFORM | Failed to create check-in for employee_id=3
Traceback (most recent call last):
  File "C:\Users\hp\eclipse-workspace\attendance-ai-api.zip_expanded\attendance-ai-api\face-ai-service\venv312\Lib\site-packages\sqlalchemy\engine\base.py", line 1969, in _exec_single_context
    self.dialect.do_execute(
  File "C:\Users\hp\eclipse-workspace\attendance-ai-api.zip_expanded\attendance-ai-api\face-ai-service\venv312\Lib\site-packages\sqlalchemy\engine\default.py", line 952, in do_execute
    cursor.execute(statement, parameters)
psycopg2.errors.NotNullViolation: null value in column "check_in" of relation "attendance" violates not-null constraint
DETAIL:  Failing row contains (3, 3, 2026-08-10, null, null, null, null, Front Camera, Office, TEST-PC, present, null, 2026-08-10 17:30:14.042702+05:30, 2026-08-10 17:30:14.042702+05:30, 2026-08-10 17:30:14.061287, null, 0.82, null).


The above exception was the direct cause of the following exception:

Traceback (most recent call last):
  File "C:\Users\hp\eclipse-workspace\attendance-ai-api.zip_expanded\attendance-ai-api\face-ai-service\app\services\attendance_service.py", line 167, in check_in
    self.db.commit()
  File "C:\Users\hp\eclipse-workspace\attendance-ai-api.zip_expanded\attendance-ai-api\face-ai-service\venv312\Lib\site-packages\sqlalchemy\orm\session.py", line 2035, in commit
    trans.commit(_to_root=True)
  File "<string>", line 2, in commit
  File "C:\Users\hp\eclipse-workspace\attendance-ai-api.zip_expanded\attendance-ai-api\face-ai-service\venv312\Lib\site-packages\sqlalchemy\orm\state_changes.py", line 137, in _go
    ret_value = fn(self, *arg, **kw)
                ^^^^^^^^^^^^^^^^^^^^
  File "C:\Users\hp\eclipse-workspace\attendance-ai-api.zip_expanded\attendance-ai-api\face-ai-service\venv312\Lib\site-packages\sqlalchemy\orm\session.py", line 1316, in commit
    self._prepare_impl()
  File "<string>", line 2, in _prepare_impl
  File "C:\Users\hp\eclipse-workspace\attendance-ai-api.zip_expanded\attendance-ai-api\face-ai-service\venv312\Lib\site-packages\sqlalchemy\orm\state_changes.py", line 137, in _go
    ret_value = fn(self, *arg, **kw)
                ^^^^^^^^^^^^^^^^^^^^
  File "C:\Users\hp\eclipse-workspace\attendance-ai-api.zip_expanded\attendance-ai-api\face-ai-service\venv312\Lib\site-packages\sqlalchemy\orm\session.py", line 1290, in _prepare_impl
    self.session.flush()
  File "C:\Users\hp\eclipse-workspace\attendance-ai-api.zip_expanded\attendance-ai-api\face-ai-service\venv312\Lib\site-packages\sqlalchemy\orm\session.py", line 4353, in flush
    self._flush(objects)
  File "C:\Users\hp\eclipse-workspace\attendance-ai-api.zip_expanded\attendance-ai-api\face-ai-service\venv312\Lib\site-packages\sqlalchemy\orm\session.py", line 4488, in _flush
    with util.safe_reraise():
         ^^^^^^^^^^^^^^^^^^^
  File "C:\Users\hp\eclipse-workspace\attendance-ai-api.zip_expanded\attendance-ai-api\face-ai-service\venv312\Lib\site-packages\sqlalchemy\util\langhelpers.py", line 122, in __exit__
    raise exc_value.with_traceback(exc_tb)
  File "C:\Users\hp\eclipse-workspace\attendance-ai-api.zip_expanded\attendance-ai-api\face-ai-service\venv312\Lib\site-packages\sqlalchemy\orm\session.py", line 4449, in _flush
    flush_context.execute()
  File "C:\Users\hp\eclipse-workspace\attendance-ai-api.zip_expanded\attendance-ai-api\face-ai-service\venv312\Lib\site-packages\sqlalchemy\orm\unitofwork.py", line 465, in execute
    rec.execute(self)
  File "C:\Users\hp\eclipse-workspace\attendance-ai-api.zip_expanded\attendance-ai-api\face-ai-service\venv312\Lib\site-packages\sqlalchemy\orm\unitofwork.py", line 641, in execute
    util.preloaded.orm_persistence.save_obj(
  File "C:\Users\hp\eclipse-workspace\attendance-ai-api.zip_expanded\attendance-ai-api\face-ai-service\venv312\Lib\site-packages\sqlalchemy\orm\persistence.py", line 94, in save_obj
    _emit_insert_statements(
  File "C:\Users\hp\eclipse-workspace\attendance-ai-api.zip_expanded\attendance-ai-api\face-ai-service\venv312\Lib\site-packages\sqlalchemy\orm\persistence.py", line 1234, in _emit_insert_statements
    result = connection.execute(
             ^^^^^^^^^^^^^^^^^^^
  File "C:\Users\hp\eclipse-workspace\attendance-ai-api.zip_expanded\attendance-ai-api\face-ai-service\venv312\Lib\site-packages\sqlalchemy\engine\base.py", line 1421, in execute
    return meth(
           ^^^^^
  File "C:\Users\hp\eclipse-workspace\attendance-ai-api.zip_expanded\attendance-ai-api\face-ai-service\venv312\Lib\site-packages\sqlalchemy\sql\elements.py", line 526, in _execute_on_connection
    return connection._execute_clauseelement(
           ^^^^^^^^^^^^^^^^^^^^^^^^^^^^^^^^^^
  File "C:\Users\hp\eclipse-workspace\attendance-ai-api.zip_expanded\attendance-ai-api\face-ai-service\venv312\Lib\site-packages\sqlalchemy\engine\base.py", line 1643, in _execute_clauseelement
    ret = self._execute_context(
          ^^^^^^^^^^^^^^^^^^^^^^
  File "C:\Users\hp\eclipse-workspace\attendance-ai-api.zip_expanded\attendance-ai-api\face-ai-service\venv312\Lib\site-packages\sqlalchemy\engine\base.py", line 1848, in _execute_context
    return self._exec_single_context(
           ^^^^^^^^^^^^^^^^^^^^^^^^^^
  File "C:\Users\hp\eclipse-workspace\attendance-ai-api.zip_expanded\attendance-ai-api\face-ai-service\venv312\Lib\site-packages\sqlalchemy\engine\base.py", line 1988, in _exec_single_context
    self._handle_dbapi_exception(
  File "C:\Users\hp\eclipse-workspace\attendance-ai-api.zip_expanded\attendance-ai-api\face-ai-service\venv312\Lib\site-packages\sqlalchemy\engine\base.py", line 2365, in _handle_dbapi_exception
    raise sqlalchemy_exception.with_traceback(exc_info[2]) from e
  File "C:\Users\hp\eclipse-workspace\attendance-ai-api.zip_expanded\attendance-ai-api\face-ai-service\venv312\Lib\site-packages\sqlalchemy\engine\base.py", line 1969, in _exec_single_context
    self.dialect.do_execute(
  File "C:\Users\hp\eclipse-workspace\attendance-ai-api.zip_expanded\attendance-ai-api\face-ai-service\venv312\Lib\site-packages\sqlalchemy\engine\default.py", line 952, in do_execute
    cursor.execute(statement, parameters)
sqlalchemy.exc.IntegrityError: (psycopg2.errors.NotNullViolation) null value in column "check_in" of relation "attendance" violates not-null constraint
DETAIL:  Failing row contains (3, 3, 2026-08-10, null, null, null, null, Front Camera, Office, TEST-PC, present, null, 2026-08-10 17:30:14.042702+05:30, 2026-08-10 17:30:14.042702+05:30, 2026-08-10 17:30:14.061287, null, 0.82, null).

[SQL: INSERT INTO attendance (employee_id, attendance_date, check_in_time, check_out_time, status, check_in_similarity, check_out_similarity, device_id, camera_name, location) VALUES (%(employee_id)s, %(attendance_date)s, %(check_in_time)s, %(check_out_time)s, %(status)s, %(check_in_similarity)s, %(check_out_similarity)s, %(device_id)s, %(camera_name)s, %(location)s) RETURNING attendance.id, attendance.created_at, attendance.updated_at]
[parameters: {'employee_id': 3, 'attendance_date': datetime.date(2026, 8, 10), 'check_in_time': datetime.datetime(2026, 8, 10, 17, 30, 14, 61287), 'check_out_time': None, 'status': 'present', 'check_in_similarity': 0.82, 'check_out_similarity': None, 'device_id': 'TEST-PC', 'camera_name': 'Front Camera', 'location': 'Office'}]
(Background on this error at: https://sqlalche.me/e/20/gkpj)
2026-08-10 17:34:57 | INFO     | AI_FACE_PLATFORM | ============================================================
2026-08-10 17:34:57 | INFO     | AI_FACE_PLATFORM | Shutting down AI Face Platform...
2026-08-10 17:34:57 | INFO     | AI_FACE_PLATFORM | ============================================================
2026-08-10 17:35:08 | INFO     | AI_FACE_PLATFORM | SCRFD detector initialized successfully.
2026-08-10 17:35:09 | INFO     | AI_FACE_PLATFORM | ============================================================
2026-08-10 17:35:09 | INFO     | AI_FACE_PLATFORM | Starting AI Face Platform...
2026-08-10 17:35:09 | INFO     | AI_FACE_PLATFORM | ============================================================
2026-08-10 17:35:09 | INFO     | AI_FACE_PLATFORM | Database initialized.
2026-08-10 17:35:09 | INFO     | AI_FACE_PLATFORM | ============================================================
2026-08-10 17:35:09 | INFO     | AI_FACE_PLATFORM | Loading AI Models...
2026-08-10 17:35:09 | INFO     | AI_FACE_PLATFORM | ============================================================
2026-08-10 17:35:09 | INFO     | AI_FACE_PLATFORM | Loading SCRFD Model: scrfd_500m_bnkps.onnx
2026-08-10 17:35:09 | INFO     | AI_FACE_PLATFORM | SCRFD model loaded successfully.
2026-08-10 17:35:09 | INFO     | AI_FACE_PLATFORM | Loading ArcFace Model: w600k_r50.onnx
2026-08-10 17:35:09 | INFO     | AI_FACE_PLATFORM | ArcFace model loaded successfully.
2026-08-10 17:35:09 | INFO     | AI_FACE_PLATFORM | ============================================================
2026-08-10 17:35:09 | INFO     | AI_FACE_PLATFORM | AI Models Loaded Successfully.
2026-08-10 17:35:09 | INFO     | AI_FACE_PLATFORM | ============================================================
2026-08-10 17:35:09 | INFO     | AI_FACE_PLATFORM | AI models loaded.
2026-08-10 17:35:09 | INFO     | AI_FACE_PLATFORM | Application started successfully.
2026-08-10 17:35:21 | INFO     | AI_FACE_PLATFORM | AttendanceService initialized.
2026-08-10 17:35:21 | INFO     | AI_FACE_PLATFORM | Employee checked in successfully: employee_id=3, attendance_id=4
2026-08-10 17:38:28 | INFO     | AI_FACE_PLATFORM | AttendanceService initialized.
2026-08-10 17:38:28 | INFO     | AI_FACE_PLATFORM | Employee checked out successfully: employee_id=3, attendance_id=4
2026-08-10 17:39:13 | INFO     | AI_FACE_PLATFORM | AttendanceService initialized.
2026-08-10 17:43:07 | INFO     | AI_FACE_PLATFORM | AttendanceService initialized.
2026-08-10 17:43:07 | INFO     | AI_FACE_PLATFORM | Employee checked in successfully: employee_id=4, attendance_id=5
2026-08-10 17:43:28 | INFO     | AI_FACE_PLATFORM | AttendanceService initialized.
2026-08-10 17:43:28 | INFO     | AI_FACE_PLATFORM | Employee checked out successfully: employee_id=4, attendance_id=5
2026-08-10 17:43:46 | INFO     | AI_FACE_PLATFORM | AttendanceService initialized.
2026-08-10 17:47:06 | INFO     | AI_FACE_PLATFORM | AttendanceService initialized.
2026-08-10 17:48:39 | INFO     | AI_FACE_PLATFORM | AttendanceService initialized.
2026-08-10 17:48:39 | INFO     | AI_FACE_PLATFORM | Attendance deleted: attendance_id=4
2026-08-10 17:51:12 | INFO     | AI_FACE_PLATFORM | ============================================================
2026-08-10 17:51:12 | INFO     | AI_FACE_PLATFORM | Shutting down AI Face Platform...
2026-08-10 17:51:12 | INFO     | AI_FACE_PLATFORM | ============================================================
2026-08-10 17:51:15 | INFO     | AI_FACE_PLATFORM | ============================================================
2026-08-10 17:51:15 | INFO     | AI_FACE_PLATFORM | Shutting down AI Face Platform...
2026-08-10 17:51:15 | INFO     | AI_FACE_PLATFORM | ============================================================
2026-08-10 17:51:16 | INFO     | AI_FACE_PLATFORM | SCRFD detector initialized successfully.
2026-08-10 17:51:17 | INFO     | AI_FACE_PLATFORM | ============================================================
2026-08-10 17:51:17 | INFO     | AI_FACE_PLATFORM | Starting AI Face Platform...
2026-08-10 17:51:17 | INFO     | AI_FACE_PLATFORM | ============================================================
2026-08-10 17:51:17 | INFO     | AI_FACE_PLATFORM | Database initialized.
2026-08-10 17:51:17 | INFO     | AI_FACE_PLATFORM | ============================================================
2026-08-10 17:51:17 | INFO     | AI_FACE_PLATFORM | Loading AI Models...
2026-08-10 17:51:17 | INFO     | AI_FACE_PLATFORM | ============================================================
2026-08-10 17:51:17 | INFO     | AI_FACE_PLATFORM | Loading SCRFD Model: scrfd_500m_bnkps.onnx
2026-08-10 17:51:17 | INFO     | AI_FACE_PLATFORM | SCRFD model loaded successfully.
2026-08-10 17:51:17 | INFO     | AI_FACE_PLATFORM | Loading ArcFace Model: w600k_r50.onnx
2026-08-10 17:51:18 | INFO     | AI_FACE_PLATFORM | ArcFace model loaded successfully.
2026-08-10 17:51:18 | INFO     | AI_FACE_PLATFORM | ============================================================
2026-08-10 17:51:18 | INFO     | AI_FACE_PLATFORM | AI Models Loaded Successfully.
2026-08-10 17:51:18 | INFO     | AI_FACE_PLATFORM | ============================================================
2026-08-10 17:51:18 | INFO     | AI_FACE_PLATFORM | AI models loaded.
2026-08-10 17:51:18 | INFO     | AI_FACE_PLATFORM | Application started successfully.
2026-08-10 17:51:26 | INFO     | AI_FACE_PLATFORM | SCRFD detector initialized successfully.
2026-08-10 17:51:26 | INFO     | AI_FACE_PLATFORM | ============================================================
2026-08-10 17:51:26 | INFO     | AI_FACE_PLATFORM | Starting AI Face Platform...
2026-08-10 17:51:26 | INFO     | AI_FACE_PLATFORM | ============================================================
2026-08-10 17:51:26 | INFO     | AI_FACE_PLATFORM | Database initialized.
2026-08-10 17:51:26 | INFO     | AI_FACE_PLATFORM | ============================================================
2026-08-10 17:51:26 | INFO     | AI_FACE_PLATFORM | Loading AI Models...
2026-08-10 17:51:26 | INFO     | AI_FACE_PLATFORM | ============================================================
2026-08-10 17:51:26 | INFO     | AI_FACE_PLATFORM | Loading SCRFD Model: scrfd_500m_bnkps.onnx
2026-08-10 17:51:27 | INFO     | AI_FACE_PLATFORM | SCRFD model loaded successfully.
2026-08-10 17:51:27 | INFO     | AI_FACE_PLATFORM | Loading ArcFace Model: w600k_r50.onnx
2026-08-10 17:51:27 | INFO     | AI_FACE_PLATFORM | ArcFace model loaded successfully.
2026-08-10 17:51:27 | INFO     | AI_FACE_PLATFORM | ============================================================
2026-08-10 17:51:27 | INFO     | AI_FACE_PLATFORM | AI Models Loaded Successfully.
2026-08-10 17:51:27 | INFO     | AI_FACE_PLATFORM | ============================================================
2026-08-10 17:51:27 | INFO     | AI_FACE_PLATFORM | AI models loaded.
2026-08-10 17:51:27 | INFO     | AI_FACE_PLATFORM | Application started successfully.
2026-08-10 17:52:43 | INFO     | AI_FACE_PLATFORM | ============================================================
2026-08-10 17:52:43 | INFO     | AI_FACE_PLATFORM | Shutting down AI Face Platform...
2026-08-10 17:52:43 | INFO     | AI_FACE_PLATFORM | ============================================================
2026-08-10 17:52:44 | INFO     | AI_FACE_PLATFORM | ============================================================
2026-08-10 17:52:44 | INFO     | AI_FACE_PLATFORM | Shutting down AI Face Platform...
2026-08-10 17:52:44 | INFO     | AI_FACE_PLATFORM | ============================================================
2026-08-10 17:52:47 | INFO     | AI_FACE_PLATFORM | SCRFD detector initialized successfully.
2026-08-10 17:52:47 | INFO     | AI_FACE_PLATFORM | ============================================================
2026-08-10 17:52:47 | INFO     | AI_FACE_PLATFORM | Starting AI Face Platform...
2026-08-10 17:52:47 | INFO     | AI_FACE_PLATFORM | ============================================================
2026-08-10 17:52:47 | INFO     | AI_FACE_PLATFORM | Database initialized.
2026-08-10 17:52:47 | INFO     | AI_FACE_PLATFORM | ============================================================
2026-08-10 17:52:47 | INFO     | AI_FACE_PLATFORM | Loading AI Models...
2026-08-10 17:52:47 | INFO     | AI_FACE_PLATFORM | ============================================================
2026-08-10 17:52:47 | INFO     | AI_FACE_PLATFORM | Loading SCRFD Model: scrfd_500m_bnkps.onnx
2026-08-10 17:52:47 | INFO     | AI_FACE_PLATFORM | SCRFD model loaded successfully.
2026-08-10 17:52:47 | INFO     | AI_FACE_PLATFORM | Loading ArcFace Model: w600k_r50.onnx
2026-08-10 17:52:47 | INFO     | AI_FACE_PLATFORM | ArcFace model loaded successfully.
2026-08-10 17:52:47 | INFO     | AI_FACE_PLATFORM | ============================================================
2026-08-10 17:52:47 | INFO     | AI_FACE_PLATFORM | AI Models Loaded Successfully.
2026-08-10 17:52:47 | INFO     | AI_FACE_PLATFORM | ============================================================
2026-08-10 17:52:47 | INFO     | AI_FACE_PLATFORM | AI models loaded.
2026-08-10 17:52:47 | INFO     | AI_FACE_PLATFORM | Application started successfully.
2026-08-10 17:52:47 | INFO     | AI_FACE_PLATFORM | SCRFD detector initialized successfully.
2026-08-10 17:52:48 | INFO     | AI_FACE_PLATFORM | ============================================================
2026-08-10 17:52:48 | INFO     | AI_FACE_PLATFORM | Starting AI Face Platform...
2026-08-10 17:52:48 | INFO     | AI_FACE_PLATFORM | ============================================================
2026-08-10 17:52:48 | INFO     | AI_FACE_PLATFORM | Database initialized.
2026-08-10 17:52:48 | INFO     | AI_FACE_PLATFORM | ============================================================
2026-08-10 17:52:48 | INFO     | AI_FACE_PLATFORM | Loading AI Models...
2026-08-10 17:52:48 | INFO     | AI_FACE_PLATFORM | ============================================================
2026-08-10 17:52:48 | INFO     | AI_FACE_PLATFORM | Loading SCRFD Model: scrfd_500m_bnkps.onnx
2026-08-10 17:52:48 | INFO     | AI_FACE_PLATFORM | SCRFD model loaded successfully.
2026-08-10 17:52:48 | INFO     | AI_FACE_PLATFORM | Loading ArcFace Model: w600k_r50.onnx
2026-08-10 17:52:48 | INFO     | AI_FACE_PLATFORM | ArcFace model loaded successfully.
2026-08-10 17:52:48 | INFO     | AI_FACE_PLATFORM | ============================================================
2026-08-10 17:52:48 | INFO     | AI_FACE_PLATFORM | AI Models Loaded Successfully.
2026-08-10 17:52:48 | INFO     | AI_FACE_PLATFORM | ============================================================
2026-08-10 17:52:48 | INFO     | AI_FACE_PLATFORM | AI models loaded.
2026-08-10 17:52:48 | INFO     | AI_FACE_PLATFORM | Application started successfully.
2026-08-10 17:53:08 | INFO     | AI_FACE_PLATFORM | ============================================================
2026-08-10 17:53:08 | INFO     | AI_FACE_PLATFORM | Shutting down AI Face Platform...
2026-08-10 17:53:08 | INFO     | AI_FACE_PLATFORM | ============================================================
2026-08-10 17:53:09 | INFO     | AI_FACE_PLATFORM | ============================================================
2026-08-10 17:53:09 | INFO     | AI_FACE_PLATFORM | Shutting down AI Face Platform...
2026-08-10 17:53:09 | INFO     | AI_FACE_PLATFORM | ============================================================
2026-08-10 17:53:12 | INFO     | AI_FACE_PLATFORM | SCRFD detector initialized successfully.
2026-08-10 17:53:12 | INFO     | AI_FACE_PLATFORM | ============================================================
2026-08-10 17:53:12 | INFO     | AI_FACE_PLATFORM | Starting AI Face Platform...
2026-08-10 17:53:12 | INFO     | AI_FACE_PLATFORM | ============================================================
2026-08-10 17:53:12 | INFO     | AI_FACE_PLATFORM | Database initialized.
2026-08-10 17:53:12 | INFO     | AI_FACE_PLATFORM | ============================================================
2026-08-10 17:53:12 | INFO     | AI_FACE_PLATFORM | Loading AI Models...
2026-08-10 17:53:12 | INFO     | AI_FACE_PLATFORM | ============================================================
2026-08-10 17:53:12 | INFO     | AI_FACE_PLATFORM | Loading SCRFD Model: scrfd_500m_bnkps.onnx
2026-08-10 17:53:12 | INFO     | AI_FACE_PLATFORM | SCRFD model loaded successfully.
2026-08-10 17:53:12 | INFO     | AI_FACE_PLATFORM | Loading ArcFace Model: w600k_r50.onnx
2026-08-10 17:53:12 | INFO     | AI_FACE_PLATFORM | ArcFace model loaded successfully.
2026-08-10 17:53:12 | INFO     | AI_FACE_PLATFORM | ============================================================
2026-08-10 17:53:12 | INFO     | AI_FACE_PLATFORM | AI Models Loaded Successfully.
2026-08-10 17:53:12 | INFO     | AI_FACE_PLATFORM | ============================================================
2026-08-10 17:53:12 | INFO     | AI_FACE_PLATFORM | AI models loaded.
2026-08-10 17:53:12 | INFO     | AI_FACE_PLATFORM | Application started successfully.
2026-08-10 17:53:13 | INFO     | AI_FACE_PLATFORM | SCRFD detector initialized successfully.
2026-08-10 17:53:13 | INFO     | AI_FACE_PLATFORM | ============================================================
2026-08-10 17:53:13 | INFO     | AI_FACE_PLATFORM | Starting AI Face Platform...
2026-08-10 17:53:13 | INFO     | AI_FACE_PLATFORM | ============================================================
2026-08-10 17:53:13 | INFO     | AI_FACE_PLATFORM | Database initialized.
2026-08-10 17:53:13 | INFO     | AI_FACE_PLATFORM | ============================================================
2026-08-10 17:53:13 | INFO     | AI_FACE_PLATFORM | Loading AI Models...
2026-08-10 17:53:13 | INFO     | AI_FACE_PLATFORM | ============================================================
2026-08-10 17:53:13 | INFO     | AI_FACE_PLATFORM | Loading SCRFD Model: scrfd_500m_bnkps.onnx
2026-08-10 17:53:13 | INFO     | AI_FACE_PLATFORM | SCRFD model loaded successfully.
2026-08-10 17:53:13 | INFO     | AI_FACE_PLATFORM | Loading ArcFace Model: w600k_r50.onnx
2026-08-10 17:53:14 | INFO     | AI_FACE_PLATFORM | ArcFace model loaded successfully.
2026-08-10 17:53:14 | INFO     | AI_FACE_PLATFORM | ============================================================
2026-08-10 17:53:14 | INFO     | AI_FACE_PLATFORM | AI Models Loaded Successfully.
2026-08-10 17:53:14 | INFO     | AI_FACE_PLATFORM | ============================================================
2026-08-10 17:53:14 | INFO     | AI_FACE_PLATFORM | AI models loaded.
2026-08-10 17:53:14 | INFO     | AI_FACE_PLATFORM | Application started successfully.
2026-08-10 17:55:49 | INFO     | AI_FACE_PLATFORM | ============================================================
2026-08-10 17:55:49 | INFO     | AI_FACE_PLATFORM | Shutting down AI Face Platform...
2026-08-10 17:55:49 | INFO     | AI_FACE_PLATFORM | ============================================================
2026-08-10 17:55:49 | INFO     | AI_FACE_PLATFORM | ============================================================
2026-08-10 17:55:49 | INFO     | AI_FACE_PLATFORM | Shutting down AI Face Platform...
2026-08-10 17:55:49 | INFO     | AI_FACE_PLATFORM | ============================================================
2026-08-10 17:55:56 | INFO     | AI_FACE_PLATFORM | SCRFD detector initialized successfully.
2026-08-10 17:55:57 | INFO     | AI_FACE_PLATFORM | ============================================================
2026-08-10 17:55:57 | INFO     | AI_FACE_PLATFORM | Starting AI Face Platform...
2026-08-10 17:55:57 | INFO     | AI_FACE_PLATFORM | ============================================================
2026-08-10 17:55:57 | INFO     | AI_FACE_PLATFORM | Database initialized.
2026-08-10 17:55:57 | INFO     | AI_FACE_PLATFORM | ============================================================
2026-08-10 17:55:57 | INFO     | AI_FACE_PLATFORM | Loading AI Models...
2026-08-10 17:55:57 | INFO     | AI_FACE_PLATFORM | ============================================================
2026-08-10 17:55:57 | INFO     | AI_FACE_PLATFORM | Loading SCRFD Model: scrfd_500m_bnkps.onnx
2026-08-10 17:55:57 | INFO     | AI_FACE_PLATFORM | SCRFD model loaded successfully.
2026-08-10 17:55:57 | INFO     | AI_FACE_PLATFORM | Loading ArcFace Model: w600k_r50.onnx
2026-08-10 17:55:57 | INFO     | AI_FACE_PLATFORM | SCRFD detector initialized successfully.
2026-08-10 17:55:57 | INFO     | AI_FACE_PLATFORM | ArcFace model loaded successfully.
2026-08-10 17:55:57 | INFO     | AI_FACE_PLATFORM | ============================================================
2026-08-10 17:55:57 | INFO     | AI_FACE_PLATFORM | AI Models Loaded Successfully.
2026-08-10 17:55:57 | INFO     | AI_FACE_PLATFORM | ============================================================
2026-08-10 17:55:57 | INFO     | AI_FACE_PLATFORM | AI models loaded.
2026-08-10 17:55:57 | INFO     | AI_FACE_PLATFORM | Application started successfully.
2026-08-10 17:55:57 | INFO     | AI_FACE_PLATFORM | ============================================================
2026-08-10 17:55:57 | INFO     | AI_FACE_PLATFORM | Starting AI Face Platform...
2026-08-10 17:55:57 | INFO     | AI_FACE_PLATFORM | ============================================================
2026-08-10 17:55:57 | INFO     | AI_FACE_PLATFORM | Database initialized.
2026-08-10 17:55:57 | INFO     | AI_FACE_PLATFORM | ============================================================
2026-08-10 17:55:57 | INFO     | AI_FACE_PLATFORM | Loading AI Models...
2026-08-10 17:55:57 | INFO     | AI_FACE_PLATFORM | ============================================================
2026-08-10 17:55:57 | INFO     | AI_FACE_PLATFORM | Loading SCRFD Model: scrfd_500m_bnkps.onnx
2026-08-10 17:55:58 | INFO     | AI_FACE_PLATFORM | SCRFD model loaded successfully.
2026-08-10 17:55:58 | INFO     | AI_FACE_PLATFORM | Loading ArcFace Model: w600k_r50.onnx
2026-08-10 17:55:58 | INFO     | AI_FACE_PLATFORM | ArcFace model loaded successfully.
2026-08-10 17:55:58 | INFO     | AI_FACE_PLATFORM | ============================================================
2026-08-10 17:55:58 | INFO     | AI_FACE_PLATFORM | AI Models Loaded Successfully.
2026-08-10 17:55:58 | INFO     | AI_FACE_PLATFORM | ============================================================
2026-08-10 17:55:58 | INFO     | AI_FACE_PLATFORM | AI models loaded.
2026-08-10 17:55:58 | INFO     | AI_FACE_PLATFORM | Application started successfully.
2026-08-10 17:56:45 | INFO     | AI_FACE_PLATFORM | ============================================================
2026-08-10 17:56:45 | INFO     | AI_FACE_PLATFORM | Shutting down AI Face Platform...
2026-08-10 17:56:45 | INFO     | AI_FACE_PLATFORM | ============================================================
2026-08-10 17:56:47 | INFO     | AI_FACE_PLATFORM | ============================================================
2026-08-10 17:56:47 | INFO     | AI_FACE_PLATFORM | Shutting down AI Face Platform...
2026-08-10 17:56:47 | INFO     | AI_FACE_PLATFORM | ============================================================
2026-08-10 17:56:51 | INFO     | AI_FACE_PLATFORM | SCRFD detector initialized successfully.
2026-08-10 17:56:51 | INFO     | AI_FACE_PLATFORM | ============================================================
2026-08-10 17:56:51 | INFO     | AI_FACE_PLATFORM | Starting AI Face Platform...
2026-08-10 17:56:51 | INFO     | AI_FACE_PLATFORM | ============================================================
2026-08-10 17:56:51 | INFO     | AI_FACE_PLATFORM | Database initialized.
2026-08-10 17:56:51 | INFO     | AI_FACE_PLATFORM | ============================================================
2026-08-10 17:56:51 | INFO     | AI_FACE_PLATFORM | Loading AI Models...
2026-08-10 17:56:51 | INFO     | AI_FACE_PLATFORM | ============================================================
2026-08-10 17:56:51 | INFO     | AI_FACE_PLATFORM | Loading SCRFD Model: scrfd_500m_bnkps.onnx
2026-08-10 17:56:51 | INFO     | AI_FACE_PLATFORM | SCRFD model loaded successfully.
2026-08-10 17:56:51 | INFO     | AI_FACE_PLATFORM | Loading ArcFace Model: w600k_r50.onnx
2026-08-10 17:56:51 | INFO     | AI_FACE_PLATFORM | SCRFD detector initialized successfully.
2026-08-10 17:56:51 | INFO     | AI_FACE_PLATFORM | ArcFace model loaded successfully.
2026-08-10 17:56:51 | INFO     | AI_FACE_PLATFORM | ============================================================
2026-08-10 17:56:51 | INFO     | AI_FACE_PLATFORM | AI Models Loaded Successfully.
2026-08-10 17:56:51 | INFO     | AI_FACE_PLATFORM | ============================================================
2026-08-10 17:56:51 | INFO     | AI_FACE_PLATFORM | AI models loaded.
2026-08-10 17:56:51 | INFO     | AI_FACE_PLATFORM | Application started successfully.
2026-08-10 17:56:52 | INFO     | AI_FACE_PLATFORM | ============================================================
2026-08-10 17:56:52 | INFO     | AI_FACE_PLATFORM | Starting AI Face Platform...
2026-08-10 17:56:52 | INFO     | AI_FACE_PLATFORM | ============================================================
2026-08-10 17:56:52 | INFO     | AI_FACE_PLATFORM | Database initialized.
2026-08-10 17:56:52 | INFO     | AI_FACE_PLATFORM | ============================================================
2026-08-10 17:56:52 | INFO     | AI_FACE_PLATFORM | Loading AI Models...
2026-08-10 17:56:52 | INFO     | AI_FACE_PLATFORM | ============================================================
2026-08-10 17:56:52 | INFO     | AI_FACE_PLATFORM | Loading SCRFD Model: scrfd_500m_bnkps.onnx
2026-08-10 17:56:52 | INFO     | AI_FACE_PLATFORM | SCRFD model loaded successfully.
2026-08-10 17:56:52 | INFO     | AI_FACE_PLATFORM | Loading ArcFace Model: w600k_r50.onnx
2026-08-10 17:56:52 | INFO     | AI_FACE_PLATFORM | ArcFace model loaded successfully.
2026-08-10 17:56:52 | INFO     | AI_FACE_PLATFORM | ============================================================
2026-08-10 17:56:52 | INFO     | AI_FACE_PLATFORM | AI Models Loaded Successfully.
2026-08-10 17:56:52 | INFO     | AI_FACE_PLATFORM | ============================================================
2026-08-10 17:56:52 | INFO     | AI_FACE_PLATFORM | AI models loaded.
2026-08-10 17:56:52 | INFO     | AI_FACE_PLATFORM | Application started successfully.
2026-08-10 17:58:39 | INFO     | AI_FACE_PLATFORM | ============================================================
2026-08-10 17:58:39 | INFO     | AI_FACE_PLATFORM | Shutting down AI Face Platform...
2026-08-10 17:58:39 | INFO     | AI_FACE_PLATFORM | ============================================================
2026-08-10 17:58:40 | INFO     | AI_FACE_PLATFORM | ============================================================
2026-08-10 17:58:40 | INFO     | AI_FACE_PLATFORM | Shutting down AI Face Platform...
2026-08-10 17:58:40 | INFO     | AI_FACE_PLATFORM | ============================================================
2026-08-10 17:58:48 | INFO     | AI_FACE_PLATFORM | SCRFD detector initialized successfully.
2026-08-10 17:58:48 | INFO     | AI_FACE_PLATFORM | ============================================================
2026-08-10 17:58:48 | INFO     | AI_FACE_PLATFORM | Starting AI Face Platform...
2026-08-10 17:58:48 | INFO     | AI_FACE_PLATFORM | ============================================================
2026-08-10 17:58:48 | INFO     | AI_FACE_PLATFORM | Database initialized.
2026-08-10 17:58:48 | INFO     | AI_FACE_PLATFORM | ============================================================
2026-08-10 17:58:48 | INFO     | AI_FACE_PLATFORM | Loading AI Models...
2026-08-10 17:58:48 | INFO     | AI_FACE_PLATFORM | ============================================================
2026-08-10 17:58:48 | INFO     | AI_FACE_PLATFORM | Loading SCRFD Model: scrfd_500m_bnkps.onnx
2026-08-10 17:58:48 | INFO     | AI_FACE_PLATFORM | SCRFD model loaded successfully.
2026-08-10 17:58:48 | INFO     | AI_FACE_PLATFORM | Loading ArcFace Model: w600k_r50.onnx
2026-08-10 17:58:48 | INFO     | AI_FACE_PLATFORM | SCRFD detector initialized successfully.
2026-08-10 17:58:49 | INFO     | AI_FACE_PLATFORM | ============================================================
2026-08-10 17:58:49 | INFO     | AI_FACE_PLATFORM | Starting AI Face Platform...
2026-08-10 17:58:49 | INFO     | AI_FACE_PLATFORM | ============================================================
2026-08-10 17:58:49 | INFO     | AI_FACE_PLATFORM | Database initialized.
2026-08-10 17:58:49 | INFO     | AI_FACE_PLATFORM | ============================================================
2026-08-10 17:58:49 | INFO     | AI_FACE_PLATFORM | Loading AI Models...
2026-08-10 17:58:49 | INFO     | AI_FACE_PLATFORM | ============================================================
2026-08-10 17:58:49 | INFO     | AI_FACE_PLATFORM | Loading SCRFD Model: scrfd_500m_bnkps.onnx
2026-08-10 17:58:49 | INFO     | AI_FACE_PLATFORM | SCRFD model loaded successfully.
2026-08-10 17:58:49 | INFO     | AI_FACE_PLATFORM | Loading ArcFace Model: w600k_r50.onnx
2026-08-10 17:58:49 | INFO     | AI_FACE_PLATFORM | ArcFace model loaded successfully.
2026-08-10 17:58:49 | INFO     | AI_FACE_PLATFORM | ============================================================
2026-08-10 17:58:49 | INFO     | AI_FACE_PLATFORM | AI Models Loaded Successfully.
2026-08-10 17:58:49 | INFO     | AI_FACE_PLATFORM | ============================================================
2026-08-10 17:58:49 | INFO     | AI_FACE_PLATFORM | AI models loaded.
2026-08-10 17:58:49 | INFO     | AI_FACE_PLATFORM | Application started successfully.
2026-08-11 10:11:32 | INFO     | AI_FACE_PLATFORM | SCRFD detector initialized successfully.
2026-08-11 10:11:32 | INFO     | AI_FACE_PLATFORM | ============================================================
2026-08-11 10:11:32 | INFO     | AI_FACE_PLATFORM | Starting AI Face Platform...
2026-08-11 10:11:32 | INFO     | AI_FACE_PLATFORM | ============================================================
2026-08-11 10:11:32 | INFO     | AI_FACE_PLATFORM | Database initialized.
2026-08-11 10:11:32 | INFO     | AI_FACE_PLATFORM | ============================================================
2026-08-11 10:11:32 | INFO     | AI_FACE_PLATFORM | Loading AI Models...
2026-08-11 10:11:32 | INFO     | AI_FACE_PLATFORM | ============================================================
2026-08-11 10:11:32 | INFO     | AI_FACE_PLATFORM | Loading SCRFD Model: scrfd_500m_bnkps.onnx
2026-08-11 10:11:33 | INFO     | AI_FACE_PLATFORM | SCRFD model loaded successfully.
2026-08-11 10:11:33 | INFO     | AI_FACE_PLATFORM | Loading ArcFace Model: w600k_r50.onnx
2026-08-11 10:11:33 | INFO     | AI_FACE_PLATFORM | ArcFace model loaded successfully.
2026-08-11 10:11:33 | INFO     | AI_FACE_PLATFORM | ============================================================
2026-08-11 10:11:33 | INFO     | AI_FACE_PLATFORM | AI Models Loaded Successfully.
2026-08-11 10:11:33 | INFO     | AI_FACE_PLATFORM | ============================================================
2026-08-11 10:11:33 | INFO     | AI_FACE_PLATFORM | AI models loaded.
2026-08-11 10:11:33 | INFO     | AI_FACE_PLATFORM | Application started successfully.
2026-08-11 10:16:51 | INFO     | AI_FACE_PLATFORM | ============================================================
2026-08-11 10:16:51 | INFO     | AI_FACE_PLATFORM | Shutting down AI Face Platform...
2026-08-11 10:16:51 | INFO     | AI_FACE_PLATFORM | ============================================================
2026-08-11 10:16:58 | INFO     | AI_FACE_PLATFORM | SCRFD detector initialized successfully.
2026-08-11 10:16:58 | INFO     | AI_FACE_PLATFORM | ============================================================
2026-08-11 10:16:58 | INFO     | AI_FACE_PLATFORM | Starting AI Face Platform...
2026-08-11 10:16:58 | INFO     | AI_FACE_PLATFORM | ============================================================
2026-08-11 10:16:58 | INFO     | AI_FACE_PLATFORM | Database initialized successfully.
2026-08-11 10:16:58 | INFO     | AI_FACE_PLATFORM | ============================================================
2026-08-11 10:16:58 | INFO     | AI_FACE_PLATFORM | Loading AI Models...
2026-08-11 10:16:58 | INFO     | AI_FACE_PLATFORM | ============================================================
2026-08-11 10:16:58 | INFO     | AI_FACE_PLATFORM | Loading SCRFD Model: scrfd_500m_bnkps.onnx
2026-08-11 10:16:58 | INFO     | AI_FACE_PLATFORM | SCRFD model loaded successfully.
2026-08-11 10:16:58 | INFO     | AI_FACE_PLATFORM | Loading ArcFace Model: w600k_r50.onnx
2026-08-11 10:16:59 | INFO     | AI_FACE_PLATFORM | ArcFace model loaded successfully.
2026-08-11 10:16:59 | INFO     | AI_FACE_PLATFORM | ============================================================
2026-08-11 10:16:59 | INFO     | AI_FACE_PLATFORM | AI Models Loaded Successfully.
2026-08-11 10:16:59 | INFO     | AI_FACE_PLATFORM | ============================================================
2026-08-11 10:16:59 | INFO     | AI_FACE_PLATFORM | AI models loaded successfully.
2026-08-11 10:16:59 | INFO     | AI_FACE_PLATFORM | AI Face Platform started successfully.
2026-08-11 10:17:22 | INFO     | AI_FACE_PLATFORM | ============================================================
2026-08-11 10:17:22 | INFO     | AI_FACE_PLATFORM | Shutting down AI Face Platform...
2026-08-11 10:17:22 | INFO     | AI_FACE_PLATFORM | ============================================================
2026-08-11 10:17:27 | INFO     | AI_FACE_PLATFORM | SCRFD detector initialized successfully.
2026-08-11 10:17:28 | INFO     | AI_FACE_PLATFORM | ============================================================
2026-08-11 10:17:28 | INFO     | AI_FACE_PLATFORM | Starting AI Face Platform...
2026-08-11 10:17:28 | INFO     | AI_FACE_PLATFORM | ============================================================
2026-08-11 10:17:28 | INFO     | AI_FACE_PLATFORM | Database initialized successfully.
2026-08-11 10:17:28 | INFO     | AI_FACE_PLATFORM | ============================================================
2026-08-11 10:17:28 | INFO     | AI_FACE_PLATFORM | Loading AI Models...
2026-08-11 10:17:28 | INFO     | AI_FACE_PLATFORM | ============================================================
2026-08-11 10:17:28 | INFO     | AI_FACE_PLATFORM | Loading SCRFD Model: scrfd_500m_bnkps.onnx
2026-08-11 10:17:28 | INFO     | AI_FACE_PLATFORM | SCRFD model loaded successfully.
2026-08-11 10:17:28 | INFO     | AI_FACE_PLATFORM | Loading ArcFace Model: w600k_r50.onnx
2026-08-11 10:17:28 | INFO     | AI_FACE_PLATFORM | ArcFace model loaded successfully.
2026-08-11 10:17:28 | INFO     | AI_FACE_PLATFORM | ============================================================
2026-08-11 10:17:28 | INFO     | AI_FACE_PLATFORM | AI Models Loaded Successfully.
2026-08-11 10:17:28 | INFO     | AI_FACE_PLATFORM | ============================================================
2026-08-11 10:17:28 | INFO     | AI_FACE_PLATFORM | AI models loaded successfully.
2026-08-11 10:17:28 | INFO     | AI_FACE_PLATFORM | AI Face Platform started successfully.
2026-08-11 10:18:52 | INFO     | AI_FACE_PLATFORM | AttendanceService initialized.
2026-08-11 10:46:30 | INFO     | AI_FACE_PLATFORM | ============================================================
2026-08-11 10:46:30 | INFO     | AI_FACE_PLATFORM | Shutting down AI Face Platform...
2026-08-11 10:46:30 | INFO     | AI_FACE_PLATFORM | ============================================================
2026-08-11 10:46:36 | INFO     | AI_FACE_PLATFORM | SCRFD detector initialized successfully.
2026-08-11 10:48:21 | INFO     | AI_FACE_PLATFORM | SCRFD detector initialized successfully.
2026-08-11 10:49:22 | INFO     | AI_FACE_PLATFORM | SCRFD detector initialized successfully.
2026-08-11 10:49:22 | INFO     | AI_FACE_PLATFORM | ============================================================
2026-08-11 10:49:22 | INFO     | AI_FACE_PLATFORM | Starting AI Face Platform...
2026-08-11 10:49:22 | INFO     | AI_FACE_PLATFORM | ============================================================
2026-08-11 10:49:22 | INFO     | AI_FACE_PLATFORM | Database initialized successfully.
2026-08-11 10:49:22 | INFO     | AI_FACE_PLATFORM | ============================================================
2026-08-11 10:49:22 | INFO     | AI_FACE_PLATFORM | Loading AI Models...
2026-08-11 10:49:22 | INFO     | AI_FACE_PLATFORM | ============================================================
2026-08-11 10:49:22 | INFO     | AI_FACE_PLATFORM | Loading SCRFD Model: scrfd_500m_bnkps.onnx
2026-08-11 10:49:23 | INFO     | AI_FACE_PLATFORM | SCRFD model loaded successfully.
2026-08-11 10:49:23 | INFO     | AI_FACE_PLATFORM | Loading ArcFace Model: w600k_r50.onnx
2026-08-11 10:49:23 | INFO     | AI_FACE_PLATFORM | ArcFace model loaded successfully.
2026-08-11 10:49:23 | INFO     | AI_FACE_PLATFORM | ============================================================
2026-08-11 10:49:23 | INFO     | AI_FACE_PLATFORM | AI Models Loaded Successfully.
2026-08-11 10:49:23 | INFO     | AI_FACE_PLATFORM | ============================================================
2026-08-11 10:49:23 | INFO     | AI_FACE_PLATFORM | AI models loaded successfully.
2026-08-11 10:49:23 | INFO     | AI_FACE_PLATFORM | AI Face Platform started successfully.
2026-08-11 10:49:33 | INFO     | AI_FACE_PLATFORM | ============================================================
2026-08-11 10:49:33 | INFO     | AI_FACE_PLATFORM | Shutting down AI Face Platform...
2026-08-11 10:49:33 | INFO     | AI_FACE_PLATFORM | ============================================================
2026-08-11 10:49:37 | INFO     | AI_FACE_PLATFORM | SCRFD detector initialized successfully.
2026-08-11 10:49:37 | INFO     | AI_FACE_PLATFORM | ============================================================
2026-08-11 10:49:37 | INFO     | AI_FACE_PLATFORM | Starting AI Face Platform...
2026-08-11 10:49:37 | INFO     | AI_FACE_PLATFORM | ============================================================
2026-08-11 10:49:37 | INFO     | AI_FACE_PLATFORM | Database initialized successfully.
2026-08-11 10:49:37 | INFO     | AI_FACE_PLATFORM | ============================================================
2026-08-11 10:49:37 | INFO     | AI_FACE_PLATFORM | Loading AI Models...
2026-08-11 10:49:37 | INFO     | AI_FACE_PLATFORM | ============================================================
2026-08-11 10:49:37 | INFO     | AI_FACE_PLATFORM | Loading SCRFD Model: scrfd_500m_bnkps.onnx
2026-08-11 10:49:37 | INFO     | AI_FACE_PLATFORM | SCRFD model loaded successfully.
2026-08-11 10:49:37 | INFO     | AI_FACE_PLATFORM | Loading ArcFace Model: w600k_r50.onnx
2026-08-11 10:49:38 | INFO     | AI_FACE_PLATFORM | ArcFace model loaded successfully.
2026-08-11 10:49:38 | INFO     | AI_FACE_PLATFORM | ============================================================
2026-08-11 10:49:38 | INFO     | AI_FACE_PLATFORM | AI Models Loaded Successfully.
2026-08-11 10:49:38 | INFO     | AI_FACE_PLATFORM | ============================================================
2026-08-11 10:49:38 | INFO     | AI_FACE_PLATFORM | AI models loaded successfully.
2026-08-11 10:49:38 | INFO     | AI_FACE_PLATFORM | AI Face Platform started successfully.
2026-08-11 10:52:52 | INFO     | AI_FACE_PLATFORM | AttendanceStatisticsService initialized.
2026-08-11 10:53:18 | INFO     | AI_FACE_PLATFORM | AttendanceStatisticsService initialized.
2026-08-11 10:56:41 | INFO     | AI_FACE_PLATFORM | ============================================================
2026-08-11 10:56:41 | INFO     | AI_FACE_PLATFORM | Shutting down AI Face Platform...
2026-08-11 10:56:41 | INFO     | AI_FACE_PLATFORM | ============================================================
2026-08-11 10:56:48 | INFO     | AI_FACE_PLATFORM | SCRFD detector initialized successfully.
2026-08-11 10:56:48 | INFO     | AI_FACE_PLATFORM | ============================================================
2026-08-11 10:56:48 | INFO     | AI_FACE_PLATFORM | Starting AI Face Platform...
2026-08-11 10:56:48 | INFO     | AI_FACE_PLATFORM | ============================================================
2026-08-11 10:56:48 | INFO     | AI_FACE_PLATFORM | Database initialized successfully.
2026-08-11 10:56:48 | INFO     | AI_FACE_PLATFORM | ============================================================
2026-08-11 10:56:48 | INFO     | AI_FACE_PLATFORM | Loading AI Models...
2026-08-11 10:56:48 | INFO     | AI_FACE_PLATFORM | ============================================================
2026-08-11 10:56:48 | INFO     | AI_FACE_PLATFORM | Loading SCRFD Model: scrfd_500m_bnkps.onnx
2026-08-11 10:56:48 | INFO     | AI_FACE_PLATFORM | SCRFD model loaded successfully.
2026-08-11 10:56:48 | INFO     | AI_FACE_PLATFORM | Loading ArcFace Model: w600k_r50.onnx
2026-08-11 10:56:49 | INFO     | AI_FACE_PLATFORM | ArcFace model loaded successfully.
2026-08-11 10:56:49 | INFO     | AI_FACE_PLATFORM | ============================================================
2026-08-11 10:56:49 | INFO     | AI_FACE_PLATFORM | AI Models Loaded Successfully.
2026-08-11 10:56:49 | INFO     | AI_FACE_PLATFORM | ============================================================
2026-08-11 10:56:49 | INFO     | AI_FACE_PLATFORM | AI models loaded successfully.
2026-08-11 10:56:49 | INFO     | AI_FACE_PLATFORM | AI Face Platform started successfully.
2026-08-11 10:57:42 | INFO     | AI_FACE_PLATFORM | AttendanceStatisticsService initialized.
2026-08-11 10:57:43 | INFO     | AI_FACE_PLATFORM | Attendance statistics generated for 2026-08-10: {'date': '2026-08-10', 'total_employees': 4, 'present': 1, 'absent': 3, 'late': 0, 'checked_out': 1, 'currently_present': 0, 'attendance_percentage': 25.0}
2026-08-11 10:57:58 | INFO     | AI_FACE_PLATFORM | AttendanceStatisticsService initialized.
2026-08-11 10:57:58 | INFO     | AI_FACE_PLATFORM | Attendance statistics generated for 2026-08-11: {'date': '2026-08-11', 'total_employees': 4, 'present': 0, 'absent': 4, 'late': 0, 'checked_out': 0, 'currently_present': 0, 'attendance_percentage': 0.0}
2026-08-11 11:00:45 | INFO     | AI_FACE_PLATFORM | ============================================================
2026-08-11 11:00:45 | INFO     | AI_FACE_PLATFORM | Shutting down AI Face Platform...
2026-08-11 11:00:45 | INFO     | AI_FACE_PLATFORM | ============================================================
2026-08-11 11:00:51 | INFO     | AI_FACE_PLATFORM | SCRFD detector initialized successfully.
2026-08-11 11:00:52 | INFO     | AI_FACE_PLATFORM | ============================================================
2026-08-11 11:00:52 | INFO     | AI_FACE_PLATFORM | Starting AI Face Platform...
2026-08-11 11:00:52 | INFO     | AI_FACE_PLATFORM | ============================================================
2026-08-11 11:00:52 | INFO     | AI_FACE_PLATFORM | Database initialized successfully.
2026-08-11 11:00:52 | INFO     | AI_FACE_PLATFORM | ============================================================
2026-08-11 11:00:52 | INFO     | AI_FACE_PLATFORM | Loading AI Models...
2026-08-11 11:00:52 | INFO     | AI_FACE_PLATFORM | ============================================================
2026-08-11 11:00:52 | INFO     | AI_FACE_PLATFORM | Loading SCRFD Model: scrfd_500m_bnkps.onnx
2026-08-11 11:00:52 | INFO     | AI_FACE_PLATFORM | SCRFD model loaded successfully.
2026-08-11 11:00:52 | INFO     | AI_FACE_PLATFORM | Loading ArcFace Model: w600k_r50.onnx
2026-08-11 11:00:53 | INFO     | AI_FACE_PLATFORM | ArcFace model loaded successfully.
2026-08-11 11:00:53 | INFO     | AI_FACE_PLATFORM | ============================================================
2026-08-11 11:00:53 | INFO     | AI_FACE_PLATFORM | AI Models Loaded Successfully.
2026-08-11 11:00:53 | INFO     | AI_FACE_PLATFORM | ============================================================
2026-08-11 11:00:53 | INFO     | AI_FACE_PLATFORM | AI models loaded successfully.
2026-08-11 11:00:53 | INFO     | AI_FACE_PLATFORM | AI Face Platform started successfully.
2026-08-11 11:02:30 | INFO     | AI_FACE_PLATFORM | ============================================================
2026-08-11 11:02:30 | INFO     | AI_FACE_PLATFORM | Shutting down AI Face Platform...
2026-08-11 11:02:30 | INFO     | AI_FACE_PLATFORM | ============================================================
2026-08-11 11:02:36 | INFO     | AI_FACE_PLATFORM | SCRFD detector initialized successfully.
2026-08-11 11:02:37 | INFO     | AI_FACE_PLATFORM | ============================================================
2026-08-11 11:02:37 | INFO     | AI_FACE_PLATFORM | Starting AI Face Platform...
2026-08-11 11:02:37 | INFO     | AI_FACE_PLATFORM | ============================================================
2026-08-11 11:02:37 | INFO     | AI_FACE_PLATFORM | Database initialized successfully.
2026-08-11 11:02:37 | INFO     | AI_FACE_PLATFORM | ============================================================
2026-08-11 11:02:37 | INFO     | AI_FACE_PLATFORM | Loading AI Models...
2026-08-11 11:02:37 | INFO     | AI_FACE_PLATFORM | ============================================================
2026-08-11 11:02:37 | INFO     | AI_FACE_PLATFORM | Loading SCRFD Model: scrfd_500m_bnkps.onnx
2026-08-11 11:02:37 | INFO     | AI_FACE_PLATFORM | SCRFD model loaded successfully.
2026-08-11 11:02:37 | INFO     | AI_FACE_PLATFORM | Loading ArcFace Model: w600k_r50.onnx
2026-08-11 11:02:38 | INFO     | AI_FACE_PLATFORM | ArcFace model loaded successfully.
2026-08-11 11:02:38 | INFO     | AI_FACE_PLATFORM | ============================================================
2026-08-11 11:02:38 | INFO     | AI_FACE_PLATFORM | AI Models Loaded Successfully.
2026-08-11 11:02:38 | INFO     | AI_FACE_PLATFORM | ============================================================
2026-08-11 11:02:38 | INFO     | AI_FACE_PLATFORM | AI models loaded successfully.
2026-08-11 11:02:38 | INFO     | AI_FACE_PLATFORM | AI Face Platform started successfully.
2026-08-11 11:02:52 | INFO     | AI_FACE_PLATFORM | ============================================================
2026-08-11 11:02:52 | INFO     | AI_FACE_PLATFORM | Shutting down AI Face Platform...
2026-08-11 11:02:52 | INFO     | AI_FACE_PLATFORM | ============================================================
2026-08-11 11:03:01 | INFO     | AI_FACE_PLATFORM | SCRFD detector initialized successfully.
2026-08-11 11:03:01 | INFO     | AI_FACE_PLATFORM | ============================================================
2026-08-11 11:03:01 | INFO     | AI_FACE_PLATFORM | Starting AI Face Platform...
2026-08-11 11:03:01 | INFO     | AI_FACE_PLATFORM | ============================================================
2026-08-11 11:03:02 | INFO     | AI_FACE_PLATFORM | Database initialized successfully.
2026-08-11 11:03:02 | INFO     | AI_FACE_PLATFORM | ============================================================
2026-08-11 11:03:02 | INFO     | AI_FACE_PLATFORM | Loading AI Models...
2026-08-11 11:03:02 | INFO     | AI_FACE_PLATFORM | ============================================================
2026-08-11 11:03:02 | INFO     | AI_FACE_PLATFORM | Loading SCRFD Model: scrfd_500m_bnkps.onnx
2026-08-11 11:03:02 | INFO     | AI_FACE_PLATFORM | SCRFD model loaded successfully.
2026-08-11 11:03:02 | INFO     | AI_FACE_PLATFORM | Loading ArcFace Model: w600k_r50.onnx
2026-08-11 11:03:02 | INFO     | AI_FACE_PLATFORM | ArcFace model loaded successfully.
2026-08-11 11:03:02 | INFO     | AI_FACE_PLATFORM | ============================================================
2026-08-11 11:03:02 | INFO     | AI_FACE_PLATFORM | AI Models Loaded Successfully.
2026-08-11 11:03:02 | INFO     | AI_FACE_PLATFORM | ============================================================
2026-08-11 11:03:02 | INFO     | AI_FACE_PLATFORM | AI models loaded successfully.
2026-08-11 11:03:02 | INFO     | AI_FACE_PLATFORM | AI Face Platform started successfully.
2026-08-11 11:04:08 | INFO     | AI_FACE_PLATFORM | ============================================================
2026-08-11 11:04:08 | INFO     | AI_FACE_PLATFORM | Shutting down AI Face Platform...
2026-08-11 11:04:08 | INFO     | AI_FACE_PLATFORM | ============================================================
2026-08-11 11:04:13 | INFO     | AI_FACE_PLATFORM | SCRFD detector initialized successfully.
2026-08-11 11:04:13 | INFO     | AI_FACE_PLATFORM | ============================================================
2026-08-11 11:04:13 | INFO     | AI_FACE_PLATFORM | Starting AI Face Platform...
2026-08-11 11:04:13 | INFO     | AI_FACE_PLATFORM | ============================================================
2026-08-11 11:04:13 | INFO     | AI_FACE_PLATFORM | Database initialized successfully.
2026-08-11 11:04:13 | INFO     | AI_FACE_PLATFORM | ============================================================
2026-08-11 11:04:13 | INFO     | AI_FACE_PLATFORM | Loading AI Models...
2026-08-11 11:04:13 | INFO     | AI_FACE_PLATFORM | ============================================================
2026-08-11 11:04:13 | INFO     | AI_FACE_PLATFORM | Loading SCRFD Model: scrfd_500m_bnkps.onnx
2026-08-11 11:04:13 | INFO     | AI_FACE_PLATFORM | SCRFD model loaded successfully.
2026-08-11 11:04:13 | INFO     | AI_FACE_PLATFORM | Loading ArcFace Model: w600k_r50.onnx
2026-08-11 11:04:14 | INFO     | AI_FACE_PLATFORM | ArcFace model loaded successfully.
2026-08-11 11:04:14 | INFO     | AI_FACE_PLATFORM | ============================================================
2026-08-11 11:04:14 | INFO     | AI_FACE_PLATFORM | AI Models Loaded Successfully.
2026-08-11 11:04:14 | INFO     | AI_FACE_PLATFORM | ============================================================
2026-08-11 11:04:14 | INFO     | AI_FACE_PLATFORM | AI models loaded successfully.
2026-08-11 11:04:14 | INFO     | AI_FACE_PLATFORM | AI Face Platform started successfully.
2026-08-11 11:04:50 | INFO     | AI_FACE_PLATFORM | ============================================================
2026-08-11 11:04:50 | INFO     | AI_FACE_PLATFORM | Shutting down AI Face Platform...
2026-08-11 11:04:50 | INFO     | AI_FACE_PLATFORM | ============================================================
2026-08-11 11:04:55 | INFO     | AI_FACE_PLATFORM | SCRFD detector initialized successfully.
2026-08-11 11:04:55 | INFO     | AI_FACE_PLATFORM | ============================================================
2026-08-11 11:04:55 | INFO     | AI_FACE_PLATFORM | Starting AI Face Platform...
2026-08-11 11:04:55 | INFO     | AI_FACE_PLATFORM | ============================================================
2026-08-11 11:04:55 | INFO     | AI_FACE_PLATFORM | Database initialized successfully.
2026-08-11 11:04:55 | INFO     | AI_FACE_PLATFORM | ============================================================
2026-08-11 11:04:55 | INFO     | AI_FACE_PLATFORM | Loading AI Models...
2026-08-11 11:04:55 | INFO     | AI_FACE_PLATFORM | ============================================================
2026-08-11 11:04:55 | INFO     | AI_FACE_PLATFORM | Loading SCRFD Model: scrfd_500m_bnkps.onnx
2026-08-11 11:04:55 | INFO     | AI_FACE_PLATFORM | SCRFD model loaded successfully.
2026-08-11 11:04:55 | INFO     | AI_FACE_PLATFORM | Loading ArcFace Model: w600k_r50.onnx
2026-08-11 11:04:56 | INFO     | AI_FACE_PLATFORM | ArcFace model loaded successfully.
2026-08-11 11:04:56 | INFO     | AI_FACE_PLATFORM | ============================================================
2026-08-11 11:04:56 | INFO     | AI_FACE_PLATFORM | AI Models Loaded Successfully.
2026-08-11 11:04:56 | INFO     | AI_FACE_PLATFORM | ============================================================
2026-08-11 11:04:56 | INFO     | AI_FACE_PLATFORM | AI models loaded successfully.
2026-08-11 11:04:56 | INFO     | AI_FACE_PLATFORM | AI Face Platform started successfully.
2026-08-11 11:06:15 | INFO     | AI_FACE_PLATFORM | ============================================================
2026-08-11 11:06:15 | INFO     | AI_FACE_PLATFORM | Shutting down AI Face Platform...
2026-08-11 11:06:15 | INFO     | AI_FACE_PLATFORM | ============================================================
2026-08-11 11:06:20 | INFO     | AI_FACE_PLATFORM | SCRFD detector initialized successfully.
2026-08-11 11:06:20 | INFO     | AI_FACE_PLATFORM | ============================================================
2026-08-11 11:06:20 | INFO     | AI_FACE_PLATFORM | Starting AI Face Platform...
2026-08-11 11:06:20 | INFO     | AI_FACE_PLATFORM | ============================================================
2026-08-11 11:06:20 | INFO     | AI_FACE_PLATFORM | Database initialized successfully.
2026-08-11 11:06:20 | INFO     | AI_FACE_PLATFORM | ============================================================
2026-08-11 11:06:20 | INFO     | AI_FACE_PLATFORM | Loading AI Models...
2026-08-11 11:06:20 | INFO     | AI_FACE_PLATFORM | ============================================================
2026-08-11 11:06:20 | INFO     | AI_FACE_PLATFORM | Loading SCRFD Model: scrfd_500m_bnkps.onnx
2026-08-11 11:06:20 | INFO     | AI_FACE_PLATFORM | SCRFD model loaded successfully.
2026-08-11 11:06:20 | INFO     | AI_FACE_PLATFORM | Loading ArcFace Model: w600k_r50.onnx
2026-08-11 11:06:21 | INFO     | AI_FACE_PLATFORM | ArcFace model loaded successfully.
2026-08-11 11:06:21 | INFO     | AI_FACE_PLATFORM | ============================================================
2026-08-11 11:06:21 | INFO     | AI_FACE_PLATFORM | AI Models Loaded Successfully.
2026-08-11 11:06:21 | INFO     | AI_FACE_PLATFORM | ============================================================
2026-08-11 11:06:21 | INFO     | AI_FACE_PLATFORM | AI models loaded successfully.
2026-08-11 11:06:21 | INFO     | AI_FACE_PLATFORM | AI Face Platform started successfully.
2026-08-11 11:06:34 | INFO     | AI_FACE_PLATFORM | ============================================================
2026-08-11 11:06:34 | INFO     | AI_FACE_PLATFORM | Shutting down AI Face Platform...
2026-08-11 11:06:34 | INFO     | AI_FACE_PLATFORM | ============================================================
2026-08-11 11:06:47 | INFO     | AI_FACE_PLATFORM | SCRFD detector initialized successfully.
2026-08-11 11:06:47 | INFO     | AI_FACE_PLATFORM | ============================================================
2026-08-11 11:06:47 | INFO     | AI_FACE_PLATFORM | Starting AI Face Platform...
2026-08-11 11:06:47 | INFO     | AI_FACE_PLATFORM | ============================================================
2026-08-11 11:06:47 | INFO     | AI_FACE_PLATFORM | Database initialized successfully.
2026-08-11 11:06:47 | INFO     | AI_FACE_PLATFORM | ============================================================
2026-08-11 11:06:47 | INFO     | AI_FACE_PLATFORM | Loading AI Models...
2026-08-11 11:06:47 | INFO     | AI_FACE_PLATFORM | ============================================================
2026-08-11 11:06:47 | INFO     | AI_FACE_PLATFORM | Loading SCRFD Model: scrfd_500m_bnkps.onnx
2026-08-11 11:06:47 | INFO     | AI_FACE_PLATFORM | SCRFD model loaded successfully.
2026-08-11 11:06:47 | INFO     | AI_FACE_PLATFORM | Loading ArcFace Model: w600k_r50.onnx
2026-08-11 11:06:48 | INFO     | AI_FACE_PLATFORM | ArcFace model loaded successfully.
2026-08-11 11:06:48 | INFO     | AI_FACE_PLATFORM | ============================================================
2026-08-11 11:06:48 | INFO     | AI_FACE_PLATFORM | AI Models Loaded Successfully.
2026-08-11 11:06:48 | INFO     | AI_FACE_PLATFORM | ============================================================
2026-08-11 11:06:48 | INFO     | AI_FACE_PLATFORM | AI models loaded successfully.
2026-08-11 11:06:48 | INFO     | AI_FACE_PLATFORM | AI Face Platform started successfully.
2026-08-11 11:07:11 | INFO     | AI_FACE_PLATFORM | DashboardService initialized.
2026-08-11 11:07:36 | INFO     | AI_FACE_PLATFORM | DashboardService initialized.
2026-08-11 11:07:51 | INFO     | AI_FACE_PLATFORM | DashboardService initialized.
2026-08-11 13:58:57 | INFO     | AI_FACE_PLATFORM | ============================================================
2026-08-11 13:58:57 | INFO     | AI_FACE_PLATFORM | Shutting down AI Face Platform...
2026-08-11 13:58:57 | INFO     | AI_FACE_PLATFORM | ============================================================
2026-08-11 13:59:03 | INFO     | AI_FACE_PLATFORM | SCRFD detector initialized successfully.
2026-08-11 13:59:04 | INFO     | AI_FACE_PLATFORM | ============================================================
2026-08-11 13:59:04 | INFO     | AI_FACE_PLATFORM | Starting AI Face Platform...
2026-08-11 13:59:04 | INFO     | AI_FACE_PLATFORM | ============================================================
2026-08-11 13:59:04 | INFO     | AI_FACE_PLATFORM | Database initialized successfully.
2026-08-11 13:59:04 | INFO     | AI_FACE_PLATFORM | ============================================================
2026-08-11 13:59:04 | INFO     | AI_FACE_PLATFORM | Loading AI Models...
2026-08-11 13:59:04 | INFO     | AI_FACE_PLATFORM | ============================================================
2026-08-11 13:59:04 | INFO     | AI_FACE_PLATFORM | Loading SCRFD Model: scrfd_500m_bnkps.onnx
2026-08-11 13:59:04 | INFO     | AI_FACE_PLATFORM | SCRFD model loaded successfully.
2026-08-11 13:59:04 | INFO     | AI_FACE_PLATFORM | Loading ArcFace Model: w600k_r50.onnx
2026-08-11 13:59:05 | INFO     | AI_FACE_PLATFORM | ArcFace model loaded successfully.
2026-08-11 13:59:05 | INFO     | AI_FACE_PLATFORM | ============================================================
2026-08-11 13:59:05 | INFO     | AI_FACE_PLATFORM | AI Models Loaded Successfully.
2026-08-11 13:59:05 | INFO     | AI_FACE_PLATFORM | ============================================================
2026-08-11 13:59:05 | INFO     | AI_FACE_PLATFORM | AI models loaded successfully.
2026-08-11 13:59:05 | INFO     | AI_FACE_PLATFORM | AI Face Platform started successfully.
2026-08-11 14:09:08 | INFO     | AI_FACE_PLATFORM | ============================================================
2026-08-11 14:09:08 | INFO     | AI_FACE_PLATFORM | Shutting down AI Face Platform...
2026-08-11 14:09:08 | INFO     | AI_FACE_PLATFORM | ============================================================
2026-08-11 14:22:52 | INFO     | AI_FACE_PLATFORM | SCRFD detector initialized successfully.
2026-08-11 14:22:52 | INFO     | AI_FACE_PLATFORM | ============================================================
2026-08-11 14:22:52 | INFO     | AI_FACE_PLATFORM | Starting AI Face Platform...
2026-08-11 14:22:52 | INFO     | AI_FACE_PLATFORM | ============================================================
2026-08-11 14:22:52 | INFO     | AI_FACE_PLATFORM | Database initialized successfully.
2026-08-11 14:22:52 | INFO     | AI_FACE_PLATFORM | ============================================================
2026-08-11 14:22:52 | INFO     | AI_FACE_PLATFORM | Loading AI Models...
2026-08-11 14:22:52 | INFO     | AI_FACE_PLATFORM | ============================================================
2026-08-11 14:22:52 | INFO     | AI_FACE_PLATFORM | Loading SCRFD Model: scrfd_500m_bnkps.onnx
2026-08-11 14:22:52 | INFO     | AI_FACE_PLATFORM | SCRFD model loaded successfully.
2026-08-11 14:22:52 | INFO     | AI_FACE_PLATFORM | Loading ArcFace Model: w600k_r50.onnx
2026-08-11 14:22:53 | INFO     | AI_FACE_PLATFORM | ArcFace model loaded successfully.
2026-08-11 14:22:53 | INFO     | AI_FACE_PLATFORM | ============================================================
2026-08-11 14:22:53 | INFO     | AI_FACE_PLATFORM | AI Models Loaded Successfully.
2026-08-11 14:22:53 | INFO     | AI_FACE_PLATFORM | ============================================================
2026-08-11 14:22:53 | INFO     | AI_FACE_PLATFORM | AI models loaded successfully.
2026-08-11 14:22:53 | INFO     | AI_FACE_PLATFORM | AI Face Platform started successfully.
2026-08-11 14:24:02 | INFO     | AI_FACE_PLATFORM | SCRFD detector initialized successfully.
2026-08-11 14:24:02 | INFO     | AI_FACE_PLATFORM | ============================================================
2026-08-11 14:24:02 | INFO     | AI_FACE_PLATFORM | Starting AI Face Platform...
2026-08-11 14:24:02 | INFO     | AI_FACE_PLATFORM | ============================================================
2026-08-11 14:24:02 | INFO     | AI_FACE_PLATFORM | Database initialized successfully.
2026-08-11 14:24:02 | INFO     | AI_FACE_PLATFORM | ============================================================
2026-08-11 14:24:02 | INFO     | AI_FACE_PLATFORM | Loading AI Models...
2026-08-11 14:24:02 | INFO     | AI_FACE_PLATFORM | ============================================================
2026-08-11 14:24:02 | INFO     | AI_FACE_PLATFORM | Loading SCRFD Model: scrfd_500m_bnkps.onnx
2026-08-11 14:24:02 | INFO     | AI_FACE_PLATFORM | SCRFD model loaded successfully.
2026-08-11 14:24:02 | INFO     | AI_FACE_PLATFORM | Loading ArcFace Model: w600k_r50.onnx
2026-08-11 14:24:03 | INFO     | AI_FACE_PLATFORM | ArcFace model loaded successfully.
2026-08-11 14:24:03 | INFO     | AI_FACE_PLATFORM | ============================================================
2026-08-11 14:24:03 | INFO     | AI_FACE_PLATFORM | AI Models Loaded Successfully.
2026-08-11 14:24:03 | INFO     | AI_FACE_PLATFORM | ============================================================
2026-08-11 14:24:03 | INFO     | AI_FACE_PLATFORM | AI models loaded successfully.
2026-08-11 14:24:03 | INFO     | AI_FACE_PLATFORM | AI Face Platform started successfully.
2026-08-11 14:50:52 | INFO     | AI_FACE_PLATFORM | ============================================================
2026-08-11 14:50:52 | INFO     | AI_FACE_PLATFORM | Shutting down AI Face Platform...
2026-08-11 14:50:52 | INFO     | AI_FACE_PLATFORM | ============================================================
2026-08-11 14:51:02 | INFO     | AI_FACE_PLATFORM | SCRFD detector initialized successfully.
2026-08-11 14:51:02 | INFO     | AI_FACE_PLATFORM | ============================================================
2026-08-11 14:51:02 | INFO     | AI_FACE_PLATFORM | Starting AI Face Platform...
2026-08-11 14:51:02 | INFO     | AI_FACE_PLATFORM | ============================================================
2026-08-11 14:51:02 | INFO     | AI_FACE_PLATFORM | Database initialized successfully.
2026-08-11 14:51:02 | INFO     | AI_FACE_PLATFORM | ============================================================
2026-08-11 14:51:02 | INFO     | AI_FACE_PLATFORM | Loading AI Models...
2026-08-11 14:51:02 | INFO     | AI_FACE_PLATFORM | ============================================================
2026-08-11 14:51:02 | INFO     | AI_FACE_PLATFORM | Loading SCRFD Model: scrfd_500m_bnkps.onnx
2026-08-11 14:51:02 | INFO     | AI_FACE_PLATFORM | SCRFD model loaded successfully.
2026-08-11 14:51:02 | INFO     | AI_FACE_PLATFORM | Loading ArcFace Model: w600k_r50.onnx
2026-08-11 14:51:03 | INFO     | AI_FACE_PLATFORM | ArcFace model loaded successfully.
2026-08-11 14:51:03 | INFO     | AI_FACE_PLATFORM | ============================================================
2026-08-11 14:51:03 | INFO     | AI_FACE_PLATFORM | AI Models Loaded Successfully.
2026-08-11 14:51:03 | INFO     | AI_FACE_PLATFORM | ============================================================
2026-08-11 14:51:03 | INFO     | AI_FACE_PLATFORM | AI models loaded successfully.
2026-08-11 14:51:03 | INFO     | AI_FACE_PLATFORM | AI Face Platform started successfully.
2026-08-11 14:51:52 | INFO     | AI_FACE_PLATFORM | AttendanceStatisticsService initialized.
2026-08-11 14:55:52 | INFO     | AI_FACE_PLATFORM | ============================================================
2026-08-11 14:55:52 | INFO     | AI_FACE_PLATFORM | Shutting down AI Face Platform...
2026-08-11 14:55:52 | INFO     | AI_FACE_PLATFORM | ============================================================
2026-08-11 14:55:52 | INFO     | AI_FACE_PLATFORM | ============================================================
2026-08-11 14:55:52 | INFO     | AI_FACE_PLATFORM | Shutting down AI Face Platform...
2026-08-11 14:55:52 | INFO     | AI_FACE_PLATFORM | ============================================================
2026-08-11 14:55:58 | INFO     | AI_FACE_PLATFORM | SCRFD detector initialized successfully.
2026-08-11 14:55:58 | INFO     | AI_FACE_PLATFORM | SCRFD detector initialized successfully.
2026-08-11 14:55:58 | INFO     | AI_FACE_PLATFORM | ============================================================
2026-08-11 14:55:58 | INFO     | AI_FACE_PLATFORM | Starting AI Face Platform...
2026-08-11 14:55:58 | INFO     | AI_FACE_PLATFORM | ============================================================
2026-08-11 14:55:58 | INFO     | AI_FACE_PLATFORM | Database initialized successfully.
2026-08-11 14:55:58 | INFO     | AI_FACE_PLATFORM | ============================================================
2026-08-11 14:55:58 | INFO     | AI_FACE_PLATFORM | Loading AI Models...
2026-08-11 14:55:58 | INFO     | AI_FACE_PLATFORM | ============================================================
2026-08-11 14:55:58 | INFO     | AI_FACE_PLATFORM | Loading SCRFD Model: scrfd_500m_bnkps.onnx
2026-08-11 14:55:58 | INFO     | AI_FACE_PLATFORM | SCRFD model loaded successfully.
2026-08-11 14:55:58 | INFO     | AI_FACE_PLATFORM | Loading ArcFace Model: w600k_r50.onnx
2026-08-11 14:55:58 | INFO     | AI_FACE_PLATFORM | ============================================================
2026-08-11 14:55:58 | INFO     | AI_FACE_PLATFORM | Starting AI Face Platform...
2026-08-11 14:55:58 | INFO     | AI_FACE_PLATFORM | ============================================================
2026-08-11 14:55:58 | INFO     | AI_FACE_PLATFORM | Database initialized successfully.
2026-08-11 14:55:58 | INFO     | AI_FACE_PLATFORM | ============================================================
2026-08-11 14:55:58 | INFO     | AI_FACE_PLATFORM | Loading AI Models...
2026-08-11 14:55:58 | INFO     | AI_FACE_PLATFORM | ============================================================
2026-08-11 14:55:59 | INFO     | AI_FACE_PLATFORM | Loading SCRFD Model: scrfd_500m_bnkps.onnx
2026-08-11 14:55:59 | INFO     | AI_FACE_PLATFORM | SCRFD model loaded successfully.
2026-08-11 14:55:59 | INFO     | AI_FACE_PLATFORM | Loading ArcFace Model: w600k_r50.onnx
2026-08-11 14:55:59 | INFO     | AI_FACE_PLATFORM | ArcFace model loaded successfully.
2026-08-11 14:55:59 | INFO     | AI_FACE_PLATFORM | ============================================================
2026-08-11 14:55:59 | INFO     | AI_FACE_PLATFORM | AI Models Loaded Successfully.
2026-08-11 14:55:59 | INFO     | AI_FACE_PLATFORM | ============================================================
2026-08-11 14:55:59 | INFO     | AI_FACE_PLATFORM | AI models loaded successfully.
2026-08-11 14:55:59 | INFO     | AI_FACE_PLATFORM | AI Face Platform started successfully.
2026-08-11 14:55:59 | INFO     | AI_FACE_PLATFORM | ArcFace model loaded successfully.
2026-08-11 14:55:59 | INFO     | AI_FACE_PLATFORM | ============================================================
2026-08-11 14:55:59 | INFO     | AI_FACE_PLATFORM | AI Models Loaded Successfully.
2026-08-11 14:55:59 | INFO     | AI_FACE_PLATFORM | ============================================================
2026-08-11 14:55:59 | INFO     | AI_FACE_PLATFORM | AI models loaded successfully.
2026-08-11 14:55:59 | INFO     | AI_FACE_PLATFORM | AI Face Platform started successfully.
2026-08-11 15:04:36 | INFO     | AI_FACE_PLATFORM | ============================================================
2026-08-11 15:04:36 | INFO     | AI_FACE_PLATFORM | Shutting down AI Face Platform...
2026-08-11 15:04:36 | INFO     | AI_FACE_PLATFORM | ============================================================
2026-08-11 15:04:37 | INFO     | AI_FACE_PLATFORM | ============================================================
2026-08-11 15:04:37 | INFO     | AI_FACE_PLATFORM | Shutting down AI Face Platform...
2026-08-11 15:04:37 | INFO     | AI_FACE_PLATFORM | ============================================================
2026-08-11 15:04:42 | INFO     | AI_FACE_PLATFORM | SCRFD detector initialized successfully.
2026-08-11 15:04:42 | INFO     | AI_FACE_PLATFORM | ============================================================
2026-08-11 15:04:42 | INFO     | AI_FACE_PLATFORM | Starting AI Face Platform...
2026-08-11 15:04:42 | INFO     | AI_FACE_PLATFORM | ============================================================
2026-08-11 15:04:42 | INFO     | AI_FACE_PLATFORM | Database initialized successfully.
2026-08-11 15:04:42 | INFO     | AI_FACE_PLATFORM | ============================================================
2026-08-11 15:04:42 | INFO     | AI_FACE_PLATFORM | Loading AI Models...
2026-08-11 15:04:42 | INFO     | AI_FACE_PLATFORM | ============================================================
2026-08-11 15:04:42 | INFO     | AI_FACE_PLATFORM | Loading SCRFD Model: scrfd_500m_bnkps.onnx
2026-08-11 15:04:42 | INFO     | AI_FACE_PLATFORM | SCRFD model loaded successfully.
2026-08-11 15:04:42 | INFO     | AI_FACE_PLATFORM | Loading ArcFace Model: w600k_r50.onnx
2026-08-11 15:04:43 | INFO     | AI_FACE_PLATFORM | ArcFace model loaded successfully.
2026-08-11 15:04:43 | INFO     | AI_FACE_PLATFORM | ============================================================
2026-08-11 15:04:43 | INFO     | AI_FACE_PLATFORM | AI Models Loaded Successfully.
2026-08-11 15:04:43 | INFO     | AI_FACE_PLATFORM | ============================================================
2026-08-11 15:04:43 | INFO     | AI_FACE_PLATFORM | AI models loaded successfully.
2026-08-11 15:04:43 | INFO     | AI_FACE_PLATFORM | AI Face Platform started successfully.
2026-08-11 15:04:43 | INFO     | AI_FACE_PLATFORM | SCRFD detector initialized successfully.
2026-08-11 15:04:43 | INFO     | AI_FACE_PLATFORM | ============================================================
2026-08-11 15:04:43 | INFO     | AI_FACE_PLATFORM | Starting AI Face Platform...
2026-08-11 15:04:43 | INFO     | AI_FACE_PLATFORM | ============================================================
2026-08-11 15:04:43 | INFO     | AI_FACE_PLATFORM | Database initialized successfully.
2026-08-11 15:04:43 | INFO     | AI_FACE_PLATFORM | ============================================================
2026-08-11 15:04:43 | INFO     | AI_FACE_PLATFORM | Loading AI Models...
2026-08-11 15:04:43 | INFO     | AI_FACE_PLATFORM | ============================================================
2026-08-11 15:04:43 | INFO     | AI_FACE_PLATFORM | Loading SCRFD Model: scrfd_500m_bnkps.onnx
2026-08-11 15:04:43 | INFO     | AI_FACE_PLATFORM | SCRFD model loaded successfully.
2026-08-11 15:04:43 | INFO     | AI_FACE_PLATFORM | Loading ArcFace Model: w600k_r50.onnx
2026-08-11 15:04:45 | INFO     | AI_FACE_PLATFORM | ArcFace model loaded successfully.
2026-08-11 15:04:45 | INFO     | AI_FACE_PLATFORM | ============================================================
2026-08-11 15:04:45 | INFO     | AI_FACE_PLATFORM | AI Models Loaded Successfully.
2026-08-11 15:04:45 | INFO     | AI_FACE_PLATFORM | ============================================================
2026-08-11 15:04:45 | INFO     | AI_FACE_PLATFORM | AI models loaded successfully.
2026-08-11 15:04:45 | INFO     | AI_FACE_PLATFORM | AI Face Platform started successfully.
2026-08-11 15:31:14 | INFO     | AI_FACE_PLATFORM | Initializing SCRFD detector...
2026-08-11 15:31:14 | INFO     | AI_FACE_PLATFORM | FaceDetectionService initialized.
2026-08-11 15:31:14 | INFO     | AI_FACE_PLATFORM | FaceAlignmentService initialized.
2026-08-11 15:31:14 | INFO     | AI_FACE_PLATFORM | EmbeddingInference initialized.
2026-08-11 15:31:14 | INFO     | AI_FACE_PLATFORM | EmbeddingService initialized.
2026-08-11 15:31:14 | INFO     | AI_FACE_PLATFORM | RegistrationService initialized.
2026-08-11 15:31:14 | INFO     | AI_FACE_PLATFORM | Starting face registration for employee_id=5
2026-08-11 15:31:14 | INFO     | AI_FACE_PLATFORM | Registration raw detections: 1
2026-08-11 15:31:14 | INFO     | AI_FACE_PLATFORM | Registration detection: score=0.3334, width=820.6, height=1302.2, valid=True
2026-08-11 15:31:15 | INFO     | AI_FACE_PLATFORM | Processed pose=front employee_id=5
2026-08-11 15:31:15 | INFO     | AI_FACE_PLATFORM | Registration raw detections: 1
2026-08-11 15:31:15 | INFO     | AI_FACE_PLATFORM | Registration detection: score=0.6766, width=683.0, height=1120.2, valid=True
2026-08-11 15:31:15 | INFO     | AI_FACE_PLATFORM | Processed pose=left employee_id=5
2026-08-11 15:31:15 | INFO     | AI_FACE_PLATFORM | Registration raw detections: 1
2026-08-11 15:31:15 | INFO     | AI_FACE_PLATFORM | Registration detection: score=0.7006, width=592.9, height=1082.6, valid=True
2026-08-11 15:31:15 | INFO     | AI_FACE_PLATFORM | Processed pose=right employee_id=5
2026-08-11 15:31:16 | INFO     | AI_FACE_PLATFORM | Registration raw detections: 1
2026-08-11 15:31:16 | INFO     | AI_FACE_PLATFORM | Registration detection: score=0.6591, width=736.7, height=1033.2, valid=True
2026-08-11 15:31:16 | INFO     | AI_FACE_PLATFORM | Processed pose=up employee_id=5
2026-08-11 15:31:16 | INFO     | AI_FACE_PLATFORM | Registration raw detections: 1
2026-08-11 15:31:16 | INFO     | AI_FACE_PLATFORM | Registration detection: score=0.6478, width=779.4, height=1191.0, valid=True
2026-08-11 15:31:16 | INFO     | AI_FACE_PLATFORM | Processed pose=down employee_id=5
2026-08-11 15:31:16 | INFO     | AI_FACE_PLATFORM | Face registration completed for employee_id=5
2026-08-11 15:31:37 | INFO     | AI_FACE_PLATFORM | Initializing SCRFD detector...
2026-08-11 15:31:37 | INFO     | AI_FACE_PLATFORM | FaceDetectionService initialized.
2026-08-11 15:31:37 | INFO     | AI_FACE_PLATFORM | FaceAlignmentService initialized.
2026-08-11 15:31:37 | INFO     | AI_FACE_PLATFORM | EmbeddingInference initialized.
2026-08-11 15:31:37 | INFO     | AI_FACE_PLATFORM | EmbeddingService initialized.
2026-08-11 15:31:37 | INFO     | AI_FACE_PLATFORM | SimilarityService initialized.
2026-08-11 15:31:37 | INFO     | AI_FACE_PLATFORM | RecognitionService initialized.
2026-08-11 15:31:37 | INFO     | AI_FACE_PLATFORM | Starting face recognition.
2026-08-11 15:31:38 | INFO     | AI_FACE_PLATFORM | Face recognized: employee_id=5 similarity=0.7461 threshold=0.6200
2026-08-11 15:31:56 | INFO     | AI_FACE_PLATFORM | Initializing SCRFD detector...
2026-08-11 15:31:56 | INFO     | AI_FACE_PLATFORM | FaceDetectionService initialized.
2026-08-11 15:31:56 | INFO     | AI_FACE_PLATFORM | FaceAlignmentService initialized.
2026-08-11 15:31:56 | INFO     | AI_FACE_PLATFORM | EmbeddingInference initialized.
2026-08-11 15:31:56 | INFO     | AI_FACE_PLATFORM | EmbeddingService initialized.
2026-08-11 15:31:56 | INFO     | AI_FACE_PLATFORM | SimilarityService initialized.
2026-08-11 15:31:56 | INFO     | AI_FACE_PLATFORM | RecognitionService initialized.
2026-08-11 15:31:56 | INFO     | AI_FACE_PLATFORM | Starting face recognition.
2026-08-11 15:31:56 | INFO     | AI_FACE_PLATFORM | Face recognized: employee_id=5 similarity=0.7448 threshold=0.6200
2026-08-11 16:06:10 | INFO     | AI_FACE_PLATFORM | Initializing SCRFD detector...
2026-08-11 16:06:10 | INFO     | AI_FACE_PLATFORM | FaceDetectionService initialized.
2026-08-11 16:06:10 | INFO     | AI_FACE_PLATFORM | FaceAlignmentService initialized.
2026-08-11 16:06:10 | INFO     | AI_FACE_PLATFORM | EmbeddingInference initialized.
2026-08-11 16:06:10 | INFO     | AI_FACE_PLATFORM | EmbeddingService initialized.
2026-08-11 16:06:10 | INFO     | AI_FACE_PLATFORM | RegistrationService initialized.
2026-08-11 16:06:10 | INFO     | AI_FACE_PLATFORM | Starting face registration for employee_id=3
2026-08-11 16:06:10 | INFO     | AI_FACE_PLATFORM | Registration raw detections: 1
2026-08-11 16:06:10 | INFO     | AI_FACE_PLATFORM | Registration detection: score=0.7119, width=773.3, height=1132.1, valid=True
2026-08-11 16:06:10 | INFO     | AI_FACE_PLATFORM | Processed pose=front employee_id=3
2026-08-11 16:06:10 | INFO     | AI_FACE_PLATFORM | Registration raw detections: 1
2026-08-11 16:06:10 | INFO     | AI_FACE_PLATFORM | Registration detection: score=0.6766, width=683.0, height=1120.2, valid=True
2026-08-11 16:06:10 | INFO     | AI_FACE_PLATFORM | Processed pose=left employee_id=3
2026-08-11 16:06:10 | INFO     | AI_FACE_PLATFORM | Registration raw detections: 1
2026-08-11 16:06:10 | INFO     | AI_FACE_PLATFORM | Registration detection: score=0.7006, width=592.9, height=1082.6, valid=True
2026-08-11 16:06:11 | INFO     | AI_FACE_PLATFORM | Processed pose=right employee_id=3
2026-08-11 16:06:11 | INFO     | AI_FACE_PLATFORM | Registration raw detections: 1
2026-08-11 16:06:11 | INFO     | AI_FACE_PLATFORM | Registration detection: score=0.6591, width=736.7, height=1033.2, valid=True
2026-08-11 16:06:11 | INFO     | AI_FACE_PLATFORM | Processed pose=up employee_id=3
2026-08-11 16:06:11 | INFO     | AI_FACE_PLATFORM | Registration raw detections: 1
2026-08-11 16:06:11 | INFO     | AI_FACE_PLATFORM | Registration detection: score=0.6478, width=779.4, height=1191.0, valid=True
2026-08-11 16:06:11 | INFO     | AI_FACE_PLATFORM | Processed pose=down employee_id=3
2026-08-11 16:06:11 | INFO     | AI_FACE_PLATFORM | Face registration completed for employee_id=3
2026-08-11 16:06:45 | INFO     | AI_FACE_PLATFORM | AttendanceService initialized.
2026-08-11 16:07:00 | INFO     | AI_FACE_PLATFORM | AttendanceService initialized.
2026-08-11 16:34:14 | INFO     | AI_FACE_PLATFORM | ============================================================
2026-08-11 16:34:14 | INFO     | AI_FACE_PLATFORM | Shutting down AI Face Platform...
2026-08-11 16:34:14 | INFO     | AI_FACE_PLATFORM | ============================================================
2026-08-11 16:34:14 | INFO     | AI_FACE_PLATFORM | ============================================================
2026-08-11 16:34:14 | INFO     | AI_FACE_PLATFORM | Shutting down AI Face Platform...
2026-08-11 16:34:14 | INFO     | AI_FACE_PLATFORM | ============================================================
2026-08-11 16:34:19 | INFO     | AI_FACE_PLATFORM | SCRFD detector initialized successfully.
2026-08-11 16:34:19 | INFO     | AI_FACE_PLATFORM | ============================================================
2026-08-11 16:34:19 | INFO     | AI_FACE_PLATFORM | Starting AI Face Platform...
2026-08-11 16:34:19 | INFO     | AI_FACE_PLATFORM | ============================================================
2026-08-11 16:34:19 | INFO     | AI_FACE_PLATFORM | ============================================================
2026-08-11 16:34:19 | INFO     | AI_FACE_PLATFORM | Starting AI Face Platform...
2026-08-11 16:34:19 | INFO     | AI_FACE_PLATFORM | ============================================================
2026-08-11 16:34:19 | INFO     | AI_FACE_PLATFORM | Database initialized successfully.
2026-08-11 16:34:19 | INFO     | AI_FACE_PLATFORM | ============================================================
2026-08-11 16:34:19 | INFO     | AI_FACE_PLATFORM | Loading AI Models...
2026-08-11 16:34:19 | INFO     | AI_FACE_PLATFORM | Database initialized successfully.
2026-08-11 16:34:19 | INFO     | AI_FACE_PLATFORM | ============================================================
2026-08-11 16:34:19 | INFO     | AI_FACE_PLATFORM | ============================================================
2026-08-11 16:34:19 | INFO     | AI_FACE_PLATFORM | Loading AI Models...
crfd_500m_bnkps.onnx
2026-08-11 16:34:19 | INFO     | AI_FACE_PLATFORM | ============================================================
2026-08-11 16:34:19 | INFO     | AI_FACE_PLATFORM | Loading SCRFD Model: scrfd_500m_bnkps.onnx
2026-08-11 16:34:19 | INFO     | AI_FACE_PLATFORM | SCRFD model loaded successfully.
2026-08-11 16:34:19 | INFO     | AI_FACE_PLATFORM | SCRFD model loaded successfully.
2026-08-11 16:34:20 | INFO     | AI_FACE_PLATFORM | Loading ArcFace Model: w600k_r50.onnx
2026-08-11 16:34:20 | INFO     | AI_FACE_PLATFORM | Loading ArcFace Model: w600k_r50.onnx
2026-08-11 16:34:21 | INFO     | AI_FACE_PLATFORM | ArcFace model loaded successfully.
2026-08-11 16:34:21 | INFO     | AI_FACE_PLATFORM | ============================================================
2026-08-11 16:34:21 | INFO     | AI_FACE_PLATFORM | AI Models Loaded Successfully.
2026-08-11 16:34:21 | INFO     | AI_FACE_PLATFORM | ============================================================
2026-08-11 16:34:21 | INFO     | AI_FACE_PLATFORM | AI models loaded successfully.
2026-08-11 16:34:21 | INFO     | AI_FACE_PLATFORM | AI Face Platform started successfully.
2026-08-11 16:34:21 | INFO     | AI_FACE_PLATFORM | ArcFace model loaded successfully.
2026-08-11 16:34:21 | INFO     | AI_FACE_PLATFORM | ============================================================
2026-08-11 16:34:21 | INFO     | AI_FACE_PLATFORM | AI Models Loaded Successfully.
2026-08-11 16:34:21 | INFO     | AI_FACE_PLATFORM | ============================================================
2026-08-11 16:34:21 | INFO     | AI_FACE_PLATFORM | AI models loaded successfully.
2026-08-11 16:34:21 | INFO     | AI_FACE_PLATFORM | AI Face Platform started successfully.
2026-08-11 16:44:16 | INFO     | AI_FACE_PLATFORM | Initializing SCRFD detector...
2026-08-11 16:44:16 | INFO     | AI_FACE_PLATFORM | FaceDetectionService initialized.
2026-08-11 16:44:16 | INFO     | AI_FACE_PLATFORM | FaceAlignmentService initialized.
2026-08-11 16:44:16 | INFO     | AI_FACE_PLATFORM | EmbeddingInference initialized.
2026-08-11 16:44:16 | INFO     | AI_FACE_PLATFORM | EmbeddingService initialized.
2026-08-11 16:44:16 | INFO     | AI_FACE_PLATFORM | RegistrationService initialized.
2026-08-11 16:44:16 | INFO     | AI_FACE_PLATFORM | Starting face registration for employee_id=7
2026-08-11 16:44:16 | INFO     | AI_FACE_PLATFORM | Registration raw detections: 1
2026-08-11 16:44:16 | INFO     | AI_FACE_PLATFORM | Registration detection: score=0.7695, width=680.1, height=1177.0, valid=True
2026-08-11 16:44:16 | INFO     | AI_FACE_PLATFORM | Processed pose=front employee_id=7
2026-08-11 16:44:16 | INFO     | AI_FACE_PLATFORM | Registration raw detections: 1
2026-08-11 16:44:16 | INFO     | AI_FACE_PLATFORM | Registration detection: score=0.6961, width=605.7, height=994.1, valid=True
2026-08-11 16:44:17 | INFO     | AI_FACE_PLATFORM | Processed pose=left employee_id=7
2026-08-11 16:44:17 | INFO     | AI_FACE_PLATFORM | Registration raw detections: 1
2026-08-11 16:44:17 | INFO     | AI_FACE_PLATFORM | Registration detection: score=0.7297, width=684.3, height=1155.5, valid=True
2026-08-11 16:44:17 | INFO     | AI_FACE_PLATFORM | Processed pose=right employee_id=7
2026-08-11 16:44:17 | INFO     | AI_FACE_PLATFORM | Registration raw detections: 1
2026-08-11 16:44:17 | INFO     | AI_FACE_PLATFORM | Registration detection: score=0.7977, width=547.3, height=655.7, valid=True
2026-08-11 16:44:17 | INFO     | AI_FACE_PLATFORM | Processed pose=up employee_id=7
2026-08-11 16:44:17 | INFO     | AI_FACE_PLATFORM | Registration raw detections: 1
2026-08-11 16:44:17 | INFO     | AI_FACE_PLATFORM | Registration detection: score=0.7244, width=658.5, height=790.7, valid=True
2026-08-11 16:44:18 | INFO     | AI_FACE_PLATFORM | Processed pose=down employee_id=7
2026-08-11 16:44:18 | INFO     | AI_FACE_PLATFORM | Face registration completed for employee_id=7
2026-08-11 16:44:44 | INFO     | AI_FACE_PLATFORM | Initializing SCRFD detector...
2026-08-11 16:44:44 | INFO     | AI_FACE_PLATFORM | FaceDetectionService initialized.
2026-08-11 16:44:44 | INFO     | AI_FACE_PLATFORM | FaceAlignmentService initialized.
2026-08-11 16:44:44 | INFO     | AI_FACE_PLATFORM | EmbeddingInference initialized.
2026-08-11 16:44:44 | INFO     | AI_FACE_PLATFORM | EmbeddingService initialized.
2026-08-11 16:44:44 | INFO     | AI_FACE_PLATFORM | SimilarityService initialized.
2026-08-11 16:44:44 | INFO     | AI_FACE_PLATFORM | RecognitionService initialized.
2026-08-11 16:44:44 | INFO     | AI_FACE_PLATFORM | Starting face recognition.
2026-08-11 16:44:44 | INFO     | AI_FACE_PLATFORM | Face recognized: employee_id=7 similarity=0.8375 threshold=0.6200
2026-08-11 16:45:03 | INFO     | AI_FACE_PLATFORM | Initializing SCRFD detector...
2026-08-11 16:45:03 | INFO     | AI_FACE_PLATFORM | FaceDetectionService initialized.
2026-08-11 16:45:03 | INFO     | AI_FACE_PLATFORM | FaceAlignmentService initialized.
2026-08-11 16:45:03 | INFO     | AI_FACE_PLATFORM | EmbeddingInference initialized.
2026-08-11 16:45:03 | INFO     | AI_FACE_PLATFORM | EmbeddingService initialized.
2026-08-11 16:45:03 | INFO     | AI_FACE_PLATFORM | SimilarityService initialized.
2026-08-11 16:45:03 | INFO     | AI_FACE_PLATFORM | RecognitionService initialized.
2026-08-11 16:45:03 | INFO     | AI_FACE_PLATFORM | Starting face recognition.
2026-08-11 16:45:04 | INFO     | AI_FACE_PLATFORM | Face recognized: employee_id=7 similarity=0.8473 threshold=0.6200
2026-08-11 17:46:44 | INFO     | AI_FACE_PLATFORM | ============================================================
2026-08-11 17:46:44 | INFO     | AI_FACE_PLATFORM | Shutting down AI Face Platform...
2026-08-11 17:46:44 | INFO     | AI_FACE_PLATFORM | ============================================================
2026-08-11 17:47:22 | INFO     | AI_FACE_PLATFORM | ============================================================
2026-08-11 17:47:22 | INFO     | AI_FACE_PLATFORM | Shutting down AI Face Platform...
2026-08-11 17:47:22 | INFO     | AI_FACE_PLATFORM | ============================================================
2026-08-11 17:47:35 | INFO     | AI_FACE_PLATFORM | SCRFD detector initialized successfully.
2026-08-11 17:47:35 | INFO     | AI_FACE_PLATFORM | ============================================================
2026-08-11 17:47:35 | INFO     | AI_FACE_PLATFORM | Starting AI Face Platform...
2026-08-11 17:47:35 | INFO     | AI_FACE_PLATFORM | ============================================================
2026-08-11 17:47:35 | INFO     | AI_FACE_PLATFORM | Database initialized successfully.
2026-08-11 17:47:35 | INFO     | AI_FACE_PLATFORM | ============================================================
2026-08-11 17:47:35 | INFO     | AI_FACE_PLATFORM | Loading AI Models...
2026-08-11 17:47:35 | INFO     | AI_FACE_PLATFORM | ============================================================
2026-08-11 17:47:35 | INFO     | AI_FACE_PLATFORM | Loading SCRFD Model: scrfd_500m_bnkps.onnx
2026-08-11 17:47:36 | INFO     | AI_FACE_PLATFORM | SCRFD model loaded successfully.
2026-08-11 17:47:36 | INFO     | AI_FACE_PLATFORM | Loading ArcFace Model: w600k_r50.onnx
2026-08-11 17:47:37 | INFO     | AI_FACE_PLATFORM | ArcFace model loaded successfully.
2026-08-11 17:47:37 | INFO     | AI_FACE_PLATFORM | ============================================================
2026-08-11 17:47:37 | INFO     | AI_FACE_PLATFORM | AI Models Loaded Successfully.
2026-08-11 17:47:37 | INFO     | AI_FACE_PLATFORM | ============================================================
2026-08-11 17:47:37 | INFO     | AI_FACE_PLATFORM | AI models loaded successfully.
2026-08-11 17:47:37 | INFO     | AI_FACE_PLATFORM | AI Face Platform started successfully.
2026-08-11 17:49:30 | INFO     | AI_FACE_PLATFORM | ============================================================
2026-08-11 17:49:30 | INFO     | AI_FACE_PLATFORM | Shutting down AI Face Platform...
2026-08-11 17:49:30 | INFO     | AI_FACE_PLATFORM | ============================================================
2026-08-11 17:49:35 | INFO     | AI_FACE_PLATFORM | SCRFD detector initialized successfully.
2026-08-11 17:49:36 | INFO     | AI_FACE_PLATFORM | ============================================================
2026-08-11 17:49:36 | INFO     | AI_FACE_PLATFORM | Starting AI Face Platform...
2026-08-11 17:49:36 | INFO     | AI_FACE_PLATFORM | ============================================================
2026-08-11 17:49:36 | INFO     | AI_FACE_PLATFORM | Database initialized successfully.
2026-08-11 17:49:36 | INFO     | AI_FACE_PLATFORM | ============================================================
2026-08-11 17:49:36 | INFO     | AI_FACE_PLATFORM | Loading AI Models...
2026-08-11 17:49:36 | INFO     | AI_FACE_PLATFORM | ============================================================
2026-08-11 17:49:36 | INFO     | AI_FACE_PLATFORM | Loading SCRFD Model: scrfd_500m_bnkps.onnx
2026-08-11 17:49:36 | INFO     | AI_FACE_PLATFORM | SCRFD model loaded successfully.
2026-08-11 17:49:36 | INFO     | AI_FACE_PLATFORM | Loading ArcFace Model: w600k_r50.onnx
2026-08-11 17:49:37 | INFO     | AI_FACE_PLATFORM | ArcFace model loaded successfully.
2026-08-11 17:49:37 | INFO     | AI_FACE_PLATFORM | ============================================================
2026-08-11 17:49:37 | INFO     | AI_FACE_PLATFORM | AI Models Loaded Successfully.
2026-08-11 17:49:37 | INFO     | AI_FACE_PLATFORM | ============================================================
2026-08-11 17:49:37 | INFO     | AI_FACE_PLATFORM | AI models loaded successfully.
2026-08-11 17:49:37 | INFO     | AI_FACE_PLATFORM | AI Face Platform started successfully.
2026-08-11 17:51:24 | INFO     | AI_FACE_PLATFORM | ============================================================
2026-08-11 17:51:24 | INFO     | AI_FACE_PLATFORM | Shutting down AI Face Platform...
2026-08-11 17:51:24 | INFO     | AI_FACE_PLATFORM | ============================================================
2026-08-11 17:51:29 | INFO     | AI_FACE_PLATFORM | SCRFD detector initialized successfully.
2026-08-11 17:51:29 | INFO     | AI_FACE_PLATFORM | ============================================================
2026-08-11 17:51:29 | INFO     | AI_FACE_PLATFORM | Starting AI Face Platform...
2026-08-11 17:51:29 | INFO     | AI_FACE_PLATFORM | ============================================================
2026-08-11 17:51:29 | INFO     | AI_FACE_PLATFORM | Database initialized successfully.
2026-08-11 17:51:29 | INFO     | AI_FACE_PLATFORM | ============================================================
2026-08-11 17:51:29 | INFO     | AI_FACE_PLATFORM | Loading AI Models...
2026-08-11 17:51:29 | INFO     | AI_FACE_PLATFORM | ============================================================
2026-08-11 17:51:29 | INFO     | AI_FACE_PLATFORM | Loading SCRFD Model: scrfd_500m_bnkps.onnx
2026-08-11 17:51:29 | INFO     | AI_FACE_PLATFORM | SCRFD model loaded successfully.
2026-08-11 17:51:29 | INFO     | AI_FACE_PLATFORM | Loading ArcFace Model: w600k_r50.onnx
2026-08-11 17:51:30 | INFO     | AI_FACE_PLATFORM | ArcFace model loaded successfully.
2026-08-11 17:51:30 | INFO     | AI_FACE_PLATFORM | ============================================================
2026-08-11 17:51:30 | INFO     | AI_FACE_PLATFORM | AI Models Loaded Successfully.
2026-08-11 17:51:30 | INFO     | AI_FACE_PLATFORM | ============================================================
2026-08-11 17:51:30 | INFO     | AI_FACE_PLATFORM | AI models loaded successfully.
2026-08-11 17:51:30 | INFO     | AI_FACE_PLATFORM | AI Face Platform started successfully.
2026-08-11 17:58:59 | INFO     | AI_FACE_PLATFORM | ============================================================
2026-08-11 17:58:59 | INFO     | AI_FACE_PLATFORM | Shutting down AI Face Platform...
2026-08-11 17:58:59 | INFO     | AI_FACE_PLATFORM | ============================================================
2026-08-11 17:59:04 | INFO     | AI_FACE_PLATFORM | SCRFD detector initialized successfully.
2026-08-11 17:59:04 | INFO     | AI_FACE_PLATFORM | ============================================================
2026-08-11 17:59:04 | INFO     | AI_FACE_PLATFORM | Starting AI Face Platform...
2026-08-11 17:59:04 | INFO     | AI_FACE_PLATFORM | ============================================================
2026-08-11 17:59:04 | INFO     | AI_FACE_PLATFORM | Database initialized successfully.
2026-08-11 17:59:04 | INFO     | AI_FACE_PLATFORM | ============================================================
2026-08-11 17:59:04 | INFO     | AI_FACE_PLATFORM | Loading AI Models...
2026-08-11 17:59:04 | INFO     | AI_FACE_PLATFORM | ============================================================
2026-08-11 17:59:04 | INFO     | AI_FACE_PLATFORM | Loading SCRFD Model: scrfd_500m_bnkps.onnx
2026-08-11 17:59:04 | INFO     | AI_FACE_PLATFORM | SCRFD model loaded successfully.
2026-08-11 17:59:04 | INFO     | AI_FACE_PLATFORM | Loading ArcFace Model: w600k_r50.onnx
2026-08-11 17:59:05 | INFO     | AI_FACE_PLATFORM | ArcFace model loaded successfully.
2026-08-11 17:59:05 | INFO     | AI_FACE_PLATFORM | ============================================================
2026-08-11 17:59:05 | INFO     | AI_FACE_PLATFORM | AI Models Loaded Successfully.
2026-08-11 17:59:05 | INFO     | AI_FACE_PLATFORM | ============================================================
2026-08-11 17:59:05 | INFO     | AI_FACE_PLATFORM | AI models loaded successfully.
2026-08-11 17:59:05 | INFO     | AI_FACE_PLATFORM | AI Face Platform started successfully.
2026-08-12 10:11:46 | INFO     | AI_FACE_PLATFORM | SCRFD detector initialized successfully.
2026-08-12 10:11:46 | INFO     | AI_FACE_PLATFORM | ============================================================
2026-08-12 10:11:46 | INFO     | AI_FACE_PLATFORM | Starting AI Face Platform...
2026-08-12 10:11:46 | INFO     | AI_FACE_PLATFORM | ============================================================
2026-08-12 10:11:47 | INFO     | AI_FACE_PLATFORM | Database initialized successfully.
2026-08-12 10:11:47 | INFO     | AI_FACE_PLATFORM | ============================================================
2026-08-12 10:11:47 | INFO     | AI_FACE_PLATFORM | Loading AI Models...
2026-08-12 10:11:47 | INFO     | AI_FACE_PLATFORM | ============================================================
2026-08-12 10:11:47 | INFO     | AI_FACE_PLATFORM | Loading SCRFD Model: scrfd_500m_bnkps.onnx
2026-08-12 10:11:47 | INFO     | AI_FACE_PLATFORM | SCRFD model loaded successfully.
2026-08-12 10:11:47 | INFO     | AI_FACE_PLATFORM | Loading ArcFace Model: w600k_r50.onnx
2026-08-12 10:11:47 | INFO     | AI_FACE_PLATFORM | ArcFace model loaded successfully.
2026-08-12 10:11:47 | INFO     | AI_FACE_PLATFORM | ============================================================
2026-08-12 10:11:47 | INFO     | AI_FACE_PLATFORM | AI Models Loaded Successfully.
2026-08-12 10:11:47 | INFO     | AI_FACE_PLATFORM | ============================================================
2026-08-12 10:11:47 | INFO     | AI_FACE_PLATFORM | AI models loaded successfully.
2026-08-12 10:11:47 | INFO     | AI_FACE_PLATFORM | AI Face Platform started successfully.
